RequestMethod,ResponseCode,StartTimeStamp,EndTimeStamp,Latency
POST,201,1602466193135,1602466193289,154
POST,201,1602466193135,1602466193289,154
POST,201,1602466193135,1602466193289,154
POST,201,1602466193135,1602466193289,154
POST,201,1602466193290,1602466193292,2
POST,201,1602466193290,1602466193292,2
POST,201,1602466193290,1602466193292,2
POST,201,1602466193290,1602466193292,2
POST,201,1602466193292,1602466193294,2
POST,201,1602466193292,1602466193294,2
POST,201,1602466193292,1602466193294,2
POST,201,1602466193292,1602466193294,2
POST,201,1602466193294,1602466193296,2
POST,201,1602466193294,1602466193296,2
POST,201,1602466193294,1602466193296,2
POST,201,1602466193294,1602466193296,2
POST,201,1602466193296,1602466193298,2
POST,201,1602466193296,1602466193298,2
POST,201,1602466193296,1602466193298,2
POST,201,1602466193296,1602466193298,2
POST,201,1602466193298,1602466193300,2
POST,201,1602466193298,1602466193300,2
POST,201,1602466193298,1602466193300,2
POST,201,1602466193298,1602466193300,2
POST,201,1602466193300,1602466193302,2
POST,201,1602466193300,1602466193302,2
POST,201,1602466193300,1602466193302,2
POST,201,1602466193300,1602466193302,2
POST,201,1602466193302,1602466193304,2
POST,201,1602466193302,1602466193304,2
POST,201,1602466193302,1602466193304,2
POST,201,1602466193302,1602466193304,2
POST,201,1602466193304,1602466193306,2
POST,201,1602466193304,1602466193306,2
POST,201,1602466193304,1602466193306,2
POST,201,1602466193304,1602466193306,2
POST,201,1602466193306,1602466193308,2
POST,201,1602466193306,1602466193308,2
POST,201,1602466193306,1602466193308,2
POST,201,1602466193306,1602466193308,2
POST,201,1602466193308,1602466193310,2
POST,201,1602466193308,1602466193310,2
POST,201,1602466193308,1602466193310,2
POST,201,1602466193308,1602466193310,2
POST,201,1602466193310,1602466193312,2
POST,201,1602466193310,1602466193312,2
POST,201,1602466193310,1602466193312,2
POST,201,1602466193310,1602466193312,2
POST,201,1602466193312,1602466193314,2
POST,201,1602466193312,1602466193314,2
POST,201,1602466193312,1602466193315,3
POST,201,1602466193312,1602466193315,3
POST,201,1602466193315,1602466193316,1
POST,201,1602466193315,1602466193316,1
POST,201,1602466193315,1602466193316,1
POST,201,1602466193314,1602466193316,2
POST,201,1602466193316,1602466193318,2
POST,201,1602466193316,1602466193318,2
POST,201,1602466193316,1602466193318,2
POST,201,1602466193316,1602466193318,2
POST,201,1602466193318,1602466193320,2
POST,201,1602466193318,1602466193320,2
POST,201,1602466193318,1602466193320,2
POST,201,1602466193318,1602466193320,2
POST,201,1602466193320,1602466193322,2
POST,201,1602466193320,1602466193322,2
POST,201,1602466193320,1602466193322,2
POST,201,1602466193320,1602466193322,2
POST,201,1602466193322,1602466193324,2
POST,201,1602466193322,1602466193324,2
POST,201,1602466193322,1602466193324,2
POST,201,1602466193322,1602466193324,2
POST,201,1602466193324,1602466193326,2
POST,201,1602466193324,1602466193326,2
POST,201,1602466193324,1602466193326,2
POST,201,1602466193324,1602466193326,2
POST,201,1602466193326,1602466193328,2
POST,201,1602466193326,1602466193328,2
POST,201,1602466193326,1602466193328,2
POST,201,1602466193326,1602466193328,2
POST,201,1602466193328,1602466193330,2
POST,201,1602466193328,1602466193330,2
POST,201,1602466193328,1602466193330,2
POST,201,1602466193328,1602466193330,2
POST,201,1602466193330,1602466193332,2
POST,201,1602466193330,1602466193332,2
POST,201,1602466193330,1602466193332,2
POST,201,1602466193331,1602466193332,1
POST,201,1602466193332,1602466193333,1
POST,201,1602466193332,1602466193333,1
POST,201,1602466193332,1602466193334,2
POST,201,1602466193332,1602466193334,2
POST,201,1602466193334,1602466193335,1
POST,201,1602466193334,1602466193335,1
POST,201,1602466193334,1602466193335,1
POST,201,1602466193334,1602466193336,2
POST,201,1602466193335,1602466193337,2
POST,201,1602466193335,1602466193337,2
POST,201,1602466193335,1602466193337,2
POST,201,1602466193336,1602466193338,2
POST,201,1602466193337,1602466193339,2
POST,201,1602466193337,1602466193339,2
POST,201,1602466193338,1602466193339,1
POST,201,1602466193337,1602466193339,2
POST,201,1602466193339,1602466193341,2
POST,201,1602466193339,1602466193341,2
POST,201,1602466193339,1602466193341,2
POST,201,1602466193339,1602466193341,2
POST,201,1602466193341,1602466193343,2
POST,201,1602466193341,1602466193343,2
POST,201,1602466193341,1602466193343,2
POST,201,1602466193341,1602466193343,2
POST,201,1602466193343,1602466193345,2
POST,201,1602466193343,1602466193345,2
POST,201,1602466193343,1602466193345,2
POST,201,1602466193343,1602466193345,2
POST,201,1602466193345,1602466193346,1
POST,201,1602466193345,1602466193347,2
POST,201,1602466193345,1602466193347,2
POST,201,1602466193345,1602466193347,2
POST,201,1602466193347,1602466193348,1
POST,201,1602466193347,1602466193348,1
POST,201,1602466193347,1602466193348,1
POST,201,1602466193347,1602466193348,1
POST,201,1602466193348,1602466193350,2
POST,201,1602466193348,1602466193350,2
POST,201,1602466193348,1602466193350,2
POST,201,1602466193348,1602466193350,2
POST,201,1602466193350,1602466193352,2
POST,201,1602466193350,1602466193352,2
POST,201,1602466193350,1602466193352,2
POST,201,1602466193350,1602466193352,2
POST,201,1602466193352,1602466193354,2
POST,201,1602466193352,1602466193354,2
POST,201,1602466193352,1602466193354,2
POST,201,1602466193352,1602466193354,2
POST,201,1602466193354,1602466193355,1
POST,201,1602466193354,1602466193355,1
POST,201,1602466193354,1602466193355,1
POST,201,1602466193354,1602466193355,1
POST,201,1602466193355,1602466193357,2
POST,201,1602466193355,1602466193357,2
POST,201,1602466193355,1602466193357,2
POST,201,1602466193355,1602466193357,2
POST,201,1602466193357,1602466193359,2
POST,201,1602466193357,1602466193359,2
POST,201,1602466193357,1602466193359,2
POST,201,1602466193357,1602466193359,2
POST,201,1602466193359,1602466193360,1
POST,201,1602466193359,1602466193360,1
POST,201,1602466193359,1602466193361,2
POST,201,1602466193359,1602466193361,2
POST,201,1602466193360,1602466193362,2
POST,201,1602466193360,1602466193362,2
POST,201,1602466193361,1602466193362,1
POST,201,1602466193361,1602466193362,1
POST,201,1602466193362,1602466193364,2
POST,201,1602466193362,1602466193364,2
POST,201,1602466193362,1602466193364,2
POST,201,1602466193362,1602466193364,2
POST,201,1602466193364,1602466193365,1
POST,201,1602466193364,1602466193366,2
POST,201,1602466193364,1602466193366,2
POST,201,1602466193364,1602466193366,2
POST,201,1602466193365,1602466193367,2
POST,201,1602466193366,1602466193367,1
POST,201,1602466193366,1602466193367,1
POST,201,1602466193366,1602466193367,1
POST,201,1602466193367,1602466193369,2
POST,201,1602466193367,1602466193369,2
POST,201,1602466193367,1602466193369,2
POST,201,1602466193367,1602466193369,2
POST,201,1602466193369,1602466193371,2
POST,201,1602466193369,1602466193371,2
POST,201,1602466193369,1602466193371,2
POST,201,1602466193369,1602466193371,2
POST,201,1602466193371,1602466193372,1
POST,201,1602466193371,1602466193372,1
POST,201,1602466193371,1602466193372,1
POST,201,1602466193371,1602466193372,1
POST,201,1602466193372,1602466193374,2
POST,201,1602466193372,1602466193374,2
POST,201,1602466193372,1602466193374,2
POST,201,1602466193372,1602466193374,2
POST,201,1602466193374,1602466193376,2
POST,201,1602466193374,1602466193376,2
POST,201,1602466193374,1602466193376,2
POST,201,1602466193374,1602466193376,2
POST,201,1602466193376,1602466193378,2
POST,201,1602466193376,1602466193378,2
POST,201,1602466193376,1602466193378,2
POST,201,1602466193376,1602466193378,2
POST,201,1602466193378,1602466193380,2
POST,201,1602466193378,1602466193380,2
POST,201,1602466193378,1602466193380,2
POST,201,1602466193378,1602466193380,2
POST,201,1602466193380,1602466193382,2
POST,201,1602466193380,1602466193382,2
POST,201,1602466193380,1602466193382,2
POST,201,1602466193380,1602466193382,2
POST,201,1602466193382,1602466193383,1
POST,201,1602466193382,1602466193383,1
POST,201,1602466193382,1602466193383,1
POST,201,1602466193382,1602466193383,1
POST,201,1602466193383,1602466193385,2
POST,201,1602466193383,1602466193385,2
POST,201,1602466193383,1602466193385,2
POST,201,1602466193383,1602466193385,2
POST,201,1602466193385,1602466193387,2
POST,201,1602466193385,1602466193387,2
POST,201,1602466193385,1602466193387,2
POST,201,1602466193385,1602466193387,2
POST,201,1602466193387,1602466193389,2
POST,201,1602466193387,1602466193389,2
POST,201,1602466193387,1602466193389,2
POST,201,1602466193387,1602466193389,2
POST,201,1602466193389,1602466193391,2
POST,201,1602466193389,1602466193391,2
POST,201,1602466193389,1602466193391,2
POST,201,1602466193389,1602466193391,2
POST,201,1602466193391,1602466193392,1
POST,201,1602466193391,1602466193392,1
POST,201,1602466193391,1602466193392,1
POST,201,1602466193391,1602466193393,2
POST,201,1602466193393,1602466193394,1
POST,201,1602466193392,1602466193394,2
POST,201,1602466193392,1602466193394,2
POST,201,1602466193393,1602466193394,1
POST,201,1602466193394,1602466193396,2
POST,201,1602466193394,1602466193396,2
POST,201,1602466193394,1602466193396,2
POST,201,1602466193394,1602466193396,2
POST,201,1602466193396,1602466193398,2
POST,201,1602466193396,1602466193398,2
POST,201,1602466193396,1602466193398,2
POST,201,1602466193396,1602466193398,2
POST,201,1602466193398,1602466193400,2
POST,201,1602466193398,1602466193400,2
POST,201,1602466193398,1602466193400,2
POST,201,1602466193398,1602466193400,2
POST,201,1602466193400,1602466193401,1
POST,201,1602466193400,1602466193401,1
POST,201,1602466193400,1602466193401,1
POST,201,1602466193400,1602466193401,1
POST,201,1602466193401,1602466193403,2
POST,201,1602466193401,1602466193403,2
POST,201,1602466193401,1602466193403,2
POST,201,1602466193401,1602466193403,2
POST,201,1602466193403,1602466193405,2
POST,201,1602466193403,1602466193405,2
POST,201,1602466193403,1602466193405,2
POST,201,1602466193403,1602466193405,2
POST,201,1602466193405,1602466193407,2
POST,201,1602466193405,1602466193407,2
POST,201,1602466193405,1602466193407,2
POST,201,1602466193405,1602466193407,2
POST,201,1602466193407,1602466193409,2
POST,201,1602466193407,1602466193409,2
POST,201,1602466193407,1602466193409,2
POST,201,1602466193407,1602466193409,2
POST,201,1602466193409,1602466193411,2
POST,201,1602466193409,1602466193411,2
POST,201,1602466193409,1602466193411,2
POST,201,1602466193409,1602466193411,2
POST,201,1602466193411,1602466193412,1
POST,201,1602466193411,1602466193412,1
POST,201,1602466193411,1602466193412,1
POST,201,1602466193411,1602466193412,1
POST,201,1602466193412,1602466193414,2
POST,201,1602466193412,1602466193414,2
POST,201,1602466193412,1602466193414,2
POST,201,1602466193412,1602466193414,2
POST,201,1602466193414,1602466193416,2
POST,201,1602466193414,1602466193416,2
POST,201,1602466193414,1602466193416,2
POST,201,1602466193414,1602466193416,2
POST,201,1602466193416,1602466193417,1
POST,201,1602466193416,1602466193417,1
POST,201,1602466193416,1602466193417,1
POST,201,1602466193416,1602466193417,1
POST,201,1602466193417,1602466193419,2
POST,201,1602466193417,1602466193419,2
POST,201,1602466193417,1602466193419,2
POST,201,1602466193417,1602466193419,2
POST,201,1602466193419,1602466193420,1
POST,201,1602466193419,1602466193420,1
POST,201,1602466193419,1602466193420,1
POST,201,1602466193419,1602466193420,1
POST,201,1602466193420,1602466193422,2
POST,201,1602466193420,1602466193422,2
POST,201,1602466193420,1602466193422,2
POST,201,1602466193420,1602466193422,2
POST,201,1602466193422,1602466193424,2
POST,201,1602466193422,1602466193424,2
POST,201,1602466193422,1602466193424,2
POST,201,1602466193422,1602466193424,2
POST,201,1602466193424,1602466193425,1
POST,201,1602466193424,1602466193425,1
POST,201,1602466193424,1602466193425,1
POST,201,1602466193424,1602466193425,1
POST,201,1602466193425,1602466193427,2
POST,201,1602466193425,1602466193427,2
POST,201,1602466193425,1602466193427,2
POST,201,1602466193425,1602466193427,2
POST,201,1602466193427,1602466193429,2
POST,201,1602466193427,1602466193429,2
POST,201,1602466193427,1602466193429,2
POST,201,1602466193427,1602466193429,2
POST,201,1602466193429,1602466193430,1
POST,201,1602466193429,1602466193430,1
POST,201,1602466193429,1602466193430,1
POST,201,1602466193429,1602466193430,1
POST,201,1602466193430,1602466193432,2
POST,201,1602466193430,1602466193432,2
POST,201,1602466193430,1602466193432,2
POST,201,1602466193430,1602466193432,2
POST,201,1602466193432,1602466193434,2
POST,201,1602466193432,1602466193434,2
POST,201,1602466193432,1602466193434,2
POST,201,1602466193432,1602466193434,2
POST,201,1602466193434,1602466193436,2
POST,201,1602466193434,1602466193436,2
POST,201,1602466193434,1602466193436,2
POST,201,1602466193434,1602466193436,2
POST,201,1602466193436,1602466193438,2
POST,201,1602466193436,1602466193438,2
POST,201,1602466193436,1602466193438,2
POST,201,1602466193436,1602466193438,2
POST,201,1602466193438,1602466193439,1
POST,201,1602466193438,1602466193439,1
POST,201,1602466193438,1602466193439,1
POST,201,1602466193438,1602466193439,1
POST,201,1602466193439,1602466193441,2
POST,201,1602466193439,1602466193441,2
POST,201,1602466193439,1602466193441,2
POST,201,1602466193439,1602466193441,2
POST,201,1602466193441,1602466193443,2
POST,201,1602466193441,1602466193443,2
POST,201,1602466193441,1602466193443,2
POST,201,1602466193441,1602466193443,2
POST,201,1602466193443,1602466193444,1
POST,201,1602466193443,1602466193444,1
POST,201,1602466193443,1602466193444,1
POST,201,1602466193443,1602466193444,1
POST,201,1602466193444,1602466193446,2
POST,201,1602466193444,1602466193446,2
POST,201,1602466193444,1602466193446,2
POST,201,1602466193444,1602466193446,2
POST,201,1602466193446,1602466193448,2
POST,201,1602466193446,1602466193448,2
POST,201,1602466193446,1602466193448,2
POST,201,1602466193446,1602466193448,2
POST,201,1602466193448,1602466193449,1
POST,201,1602466193448,1602466193449,1
POST,201,1602466193448,1602466193449,1
POST,201,1602466193448,1602466193449,1
POST,201,1602466193449,1602466193451,2
POST,201,1602466193449,1602466193451,2
POST,201,1602466193449,1602466193451,2
POST,201,1602466193449,1602466193451,2
POST,201,1602466193451,1602466193453,2
POST,201,1602466193451,1602466193453,2
POST,201,1602466193451,1602466193453,2
POST,201,1602466193451,1602466193453,2
POST,201,1602466193453,1602466193454,1
POST,201,1602466193453,1602466193454,1
POST,201,1602466193453,1602466193454,1
POST,201,1602466193453,1602466193454,1
POST,201,1602466193454,1602466193456,2
POST,201,1602466193454,1602466193456,2
POST,201,1602466193454,1602466193456,2
POST,201,1602466193454,1602466193456,2
POST,201,1602466193456,1602466193457,1
POST,201,1602466193456,1602466193457,1
POST,201,1602466193456,1602466193457,1
POST,201,1602466193456,1602466193457,1
POST,201,1602466193457,1602466193459,2
POST,201,1602466193457,1602466193459,2
POST,201,1602466193457,1602466193459,2
POST,201,1602466193457,1602466193459,2
POST,201,1602466193459,1602466193460,1
POST,201,1602466193459,1602466193460,1
POST,201,1602466193459,1602466193460,1
POST,201,1602466193459,1602466193460,1
POST,201,1602466193460,1602466193462,2
POST,201,1602466193460,1602466193462,2
POST,201,1602466193460,1602466193462,2
POST,201,1602466193460,1602466193462,2
POST,201,1602466193462,1602466193464,2
POST,201,1602466193462,1602466193464,2
POST,201,1602466193462,1602466193464,2
POST,201,1602466193462,1602466193464,2
POST,201,1602466193464,1602466193465,1
POST,201,1602466193464,1602466193465,1
POST,201,1602466193464,1602466193465,1
POST,201,1602466193464,1602466193465,1
POST,201,1602466193465,1602466193468,3
POST,201,1602466193465,1602466193468,3
POST,201,1602466193465,1602466193468,3
POST,201,1602466193465,1602466193468,3
POST,201,1602466193477,1602466193478,1
POST,201,1602466193477,1602466193478,1
POST,201,1602466193477,1602466193478,1
POST,201,1602466193476,1602466193478,2
POST,201,1602466193477,1602466193478,1
POST,201,1602466193476,1602466193478,2
POST,201,1602466193477,1602466193478,1
POST,201,1602466193477,1602466193478,1
POST,201,1602466193477,1602466193478,1
POST,201,1602466193477,1602466193478,1
POST,201,1602466193477,1602466193478,1
POST,201,1602466193476,1602466193478,2
POST,201,1602466193477,1602466193479,2
POST,201,1602466193476,1602466193479,3
POST,201,1602466193478,1602466193479,1
POST,201,1602466193477,1602466193479,2
POST,201,1602466193478,1602466193479,1
POST,201,1602466193478,1602466193479,1
POST,201,1602466193478,1602466193480,2
POST,201,1602466193478,1602466193480,2
POST,201,1602466193478,1602466193480,2
POST,201,1602466193478,1602466193480,2
POST,201,1602466193478,1602466193480,2
POST,201,1602466193478,1602466193480,2
POST,201,1602466193478,1602466193480,2
POST,201,1602466193478,1602466193481,3
POST,201,1602466193478,1602466193481,3
POST,201,1602466193478,1602466193481,3
POST,201,1602466193479,1602466193481,2
POST,201,1602466193479,1602466193481,2
POST,201,1602466193479,1602466193481,2
POST,201,1602466193479,1602466193481,2
POST,201,1602466193479,1602466193481,2
POST,201,1602466193479,1602466193481,2
POST,201,1602466193480,1602466193482,2
POST,201,1602466193480,1602466193482,2
POST,201,1602466193480,1602466193482,2
POST,201,1602466193480,1602466193482,2
POST,201,1602466193480,1602466193482,2
POST,201,1602466193480,1602466193482,2
POST,201,1602466193481,1602466193482,1
POST,201,1602466193481,1602466193482,1
POST,201,1602466193481,1602466193482,1
POST,201,1602466193480,1602466193482,2
POST,201,1602466193481,1602466193483,2
POST,201,1602466193481,1602466193483,2
POST,201,1602466193481,1602466193483,2
POST,201,1602466193481,1602466193483,2
POST,201,1602466193481,1602466193483,2
POST,201,1602466193481,1602466193483,2
POST,201,1602466193482,1602466193484,2
POST,201,1602466193482,1602466193484,2
POST,201,1602466193482,1602466193484,2
POST,201,1602466193482,1602466193484,2
POST,201,1602466193482,1602466193484,2
POST,201,1602466193482,1602466193484,2
POST,201,1602466193482,1602466193484,2
POST,201,1602466193482,1602466193484,2
POST,201,1602466193482,1602466193484,2
POST,201,1602466193482,1602466193485,3
POST,201,1602466193483,1602466193485,2
POST,201,1602466193483,1602466193485,2
POST,201,1602466193483,1602466193485,2
POST,201,1602466193483,1602466193485,2
POST,201,1602466193483,1602466193485,2
POST,201,1602466193483,1602466193485,2
POST,201,1602466193484,1602466193486,2
POST,201,1602466193484,1602466193486,2
POST,201,1602466193484,1602466193486,2
POST,201,1602466193484,1602466193486,2
POST,201,1602466193484,1602466193486,2
POST,201,1602466193484,1602466193486,2
POST,201,1602466193484,1602466193486,2
POST,201,1602466193484,1602466193486,2
POST,201,1602466193484,1602466193486,2
POST,201,1602466193485,1602466193487,2
POST,201,1602466193485,1602466193487,2
POST,201,1602466193485,1602466193487,2
POST,201,1602466193485,1602466193487,2
POST,201,1602466193485,1602466193487,2
POST,201,1602466193485,1602466193487,2
POST,201,1602466193485,1602466193487,2
POST,201,1602466193486,1602466193487,1
POST,201,1602466193486,1602466193487,1
POST,201,1602466193486,1602466193487,1
POST,201,1602466193486,1602466193487,1
POST,201,1602466193486,1602466193488,2
POST,201,1602466193486,1602466193488,2
POST,201,1602466193486,1602466193488,2
POST,201,1602466193486,1602466193488,2
POST,201,1602466193486,1602466193488,2
POST,201,1602466193487,1602466193488,1
POST,201,1602466193487,1602466193488,1
POST,201,1602466193487,1602466193488,1
POST,201,1602466193487,1602466193489,2
POST,201,1602466193487,1602466193489,2
POST,201,1602466193487,1602466193489,2
POST,201,1602466193487,1602466193489,2
POST,201,1602466193487,1602466193489,2
POST,201,1602466193487,1602466193489,2
POST,201,1602466193487,1602466193489,2
POST,201,1602466193487,1602466193489,2
POST,201,1602466193488,1602466193489,1
POST,201,1602466193488,1602466193489,1
POST,201,1602466193488,1602466193490,2
POST,201,1602466193488,1602466193490,2
POST,201,1602466193488,1602466193490,2
POST,201,1602466193488,1602466193490,2
POST,201,1602466193488,1602466193490,2
POST,201,1602466193489,1602466193490,1
POST,201,1602466193489,1602466193490,1
POST,201,1602466193489,1602466193490,1
POST,201,1602466193489,1602466193490,1
POST,201,1602466193489,1602466193490,1
POST,201,1602466193489,1602466193490,1
POST,201,1602466193489,1602466193491,2
POST,201,1602466193489,1602466193491,2
POST,201,1602466193489,1602466193491,2
POST,201,1602466193489,1602466193491,2
POST,201,1602466193489,1602466193491,2
POST,201,1602466193490,1602466193491,1
POST,201,1602466193490,1602466193491,1
POST,201,1602466193490,1602466193491,1
POST,201,1602466193490,1602466193491,1
POST,201,1602466193490,1602466193491,1
POST,201,1602466193490,1602466193491,1
POST,201,1602466193490,1602466193492,2
POST,201,1602466193490,1602466193492,2
POST,201,1602466193490,1602466193492,2
POST,201,1602466193490,1602466193492,2
POST,201,1602466193490,1602466193492,2
POST,201,1602466193491,1602466193492,1
POST,201,1602466193491,1602466193493,2
POST,201,1602466193491,1602466193493,2
POST,201,1602466193491,1602466193493,2
POST,201,1602466193491,1602466193493,2
POST,201,1602466193491,1602466193493,2
POST,201,1602466193491,1602466193493,2
POST,201,1602466193491,1602466193493,2
POST,201,1602466193491,1602466193493,2
POST,201,1602466193491,1602466193493,2
POST,201,1602466193491,1602466193493,2
POST,201,1602466193492,1602466193494,2
POST,201,1602466193492,1602466193494,2
POST,201,1602466193492,1602466193494,2
POST,201,1602466193492,1602466193494,2
POST,201,1602466193492,1602466193494,2
POST,201,1602466193492,1602466193494,2
POST,201,1602466193493,1602466193494,1
POST,201,1602466193493,1602466193494,1
POST,201,1602466193493,1602466193494,1
POST,201,1602466193493,1602466193494,1
POST,201,1602466193493,1602466193494,1
POST,201,1602466193493,1602466193495,2
POST,201,1602466193493,1602466193495,2
POST,201,1602466193493,1602466193495,2
POST,201,1602466193493,1602466193495,2
POST,201,1602466193493,1602466193495,2
POST,201,1602466193495,1602466193495,0
POST,201,1602466193494,1602466193495,1
POST,201,1602466193494,1602466193496,2
POST,201,1602466193494,1602466193496,2
POST,201,1602466193494,1602466193496,2
POST,201,1602466193494,1602466193496,2
POST,201,1602466193494,1602466193496,2
POST,201,1602466193494,1602466193496,2
POST,201,1602466193494,1602466193496,2
POST,201,1602466193494,1602466193496,2
POST,201,1602466193494,1602466193496,2
POST,201,1602466193494,1602466193496,2
POST,201,1602466193495,1602466193496,1
POST,201,1602466193495,1602466193496,1
POST,201,1602466193495,1602466193496,1
POST,201,1602466193495,1602466193496,1
POST,201,1602466193496,1602466193497,1
POST,201,1602466193495,1602466193497,2
POST,201,1602466193496,1602466193497,1
POST,201,1602466193496,1602466193497,1
POST,201,1602466193496,1602466193497,1
POST,201,1602466193496,1602466193497,1
POST,201,1602466193496,1602466193497,1
POST,201,1602466193496,1602466193498,2
POST,201,1602466193496,1602466193498,2
POST,201,1602466193496,1602466193498,2
POST,201,1602466193496,1602466193498,2
POST,201,1602466193496,1602466193498,2
POST,201,1602466193496,1602466193498,2
POST,201,1602466193496,1602466193498,2
POST,201,1602466193496,1602466193498,2
POST,201,1602466193496,1602466193498,2
POST,201,1602466193497,1602466193499,2
POST,201,1602466193497,1602466193499,2
POST,201,1602466193497,1602466193499,2
POST,201,1602466193497,1602466193499,2
POST,201,1602466193497,1602466193499,2
POST,201,1602466193497,1602466193499,2
POST,201,1602466193498,1602466193499,1
POST,201,1602466193498,1602466193499,1
POST,201,1602466193498,1602466193499,1
POST,201,1602466193497,1602466193499,2
POST,201,1602466193498,1602466193499,1
POST,201,1602466193498,1602466193500,2
POST,201,1602466193498,1602466193500,2
POST,201,1602466193498,1602466193500,2
POST,201,1602466193498,1602466193500,2
POST,201,1602466193498,1602466193500,2
POST,201,1602466193499,1602466193500,1
POST,201,1602466193499,1602466193500,1
POST,201,1602466193499,1602466193500,1
POST,201,1602466193499,1602466193501,2
POST,201,1602466193499,1602466193501,2
POST,201,1602466193499,1602466193501,2
POST,201,1602466193499,1602466193501,2
POST,201,1602466193499,1602466193501,2
POST,201,1602466193499,1602466193501,2
POST,201,1602466193499,1602466193501,2
POST,201,1602466193499,1602466193501,2
POST,201,1602466193500,1602466193501,1
POST,201,1602466193500,1602466193501,1
POST,201,1602466193500,1602466193501,1
POST,201,1602466193500,1602466193501,1
POST,201,1602466193500,1602466193501,1
POST,201,1602466193500,1602466193502,2
POST,201,1602466193500,1602466193502,2
POST,201,1602466193500,1602466193502,2
POST,201,1602466193501,1602466193502,1
POST,201,1602466193501,1602466193502,1
POST,201,1602466193501,1602466193502,1
POST,201,1602466193501,1602466193502,1
POST,201,1602466193501,1602466193502,1
POST,201,1602466193501,1602466193503,2
POST,201,1602466193501,1602466193503,2
POST,201,1602466193501,1602466193503,2
POST,201,1602466193501,1602466193503,2
POST,201,1602466193501,1602466193503,2
POST,201,1602466193501,1602466193503,2
POST,201,1602466193501,1602466193503,2
POST,201,1602466193502,1602466193503,1
POST,201,1602466193502,1602466193503,1
POST,201,1602466193501,1602466193503,2
POST,201,1602466193502,1602466193504,2
POST,201,1602466193502,1602466193504,2
POST,201,1602466193502,1602466193504,2
POST,201,1602466193502,1602466193504,2
POST,201,1602466193503,1602466193504,1
POST,201,1602466193503,1602466193505,2
POST,201,1602466193502,1602466193505,3
POST,201,1602466193503,1602466193505,2
POST,201,1602466193502,1602466193505,3
POST,201,1602466193503,1602466193505,2
POST,201,1602466193503,1602466193505,2
POST,201,1602466193503,1602466193505,2
POST,201,1602466193503,1602466193505,2
POST,201,1602466193503,1602466193505,2
POST,201,1602466193503,1602466193505,2
POST,201,1602466193503,1602466193505,2
POST,201,1602466193504,1602466193506,2
POST,201,1602466193504,1602466193506,2
POST,201,1602466193504,1602466193506,2
POST,201,1602466193504,1602466193506,2
POST,201,1602466193505,1602466193506,1
POST,201,1602466193505,1602466193506,1
POST,201,1602466193505,1602466193506,1
POST,201,1602466193505,1602466193507,2
POST,201,1602466193505,1602466193507,2
POST,201,1602466193505,1602466193507,2
POST,201,1602466193505,1602466193507,2
POST,201,1602466193505,1602466193507,2
POST,201,1602466193505,1602466193507,2
POST,201,1602466193505,1602466193507,2
POST,201,1602466193505,1602466193507,2
POST,201,1602466193505,1602466193507,2
POST,201,1602466193506,1602466193507,1
POST,201,1602466193506,1602466193508,2
POST,201,1602466193506,1602466193508,2
POST,201,1602466193506,1602466193508,2
POST,201,1602466193506,1602466193508,2
POST,201,1602466193507,1602466193508,1
POST,201,1602466193506,1602466193508,2
POST,201,1602466193506,1602466193508,2
POST,201,1602466193507,1602466193508,1
POST,201,1602466193507,1602466193508,1
POST,201,1602466193507,1602466193508,1
POST,201,1602466193507,1602466193508,1
POST,201,1602466193507,1602466193508,1
POST,201,1602466193507,1602466193508,1
POST,201,1602466193507,1602466193509,2
POST,201,1602466193507,1602466193509,2
POST,201,1602466193507,1602466193509,2
POST,201,1602466193508,1602466193509,1
POST,201,1602466193508,1602466193509,1
POST,201,1602466193508,1602466193509,1
POST,201,1602466193508,1602466193509,1
POST,201,1602466193508,1602466193510,2
POST,201,1602466193508,1602466193510,2
POST,201,1602466193508,1602466193510,2
POST,201,1602466193508,1602466193510,2
POST,201,1602466193508,1602466193510,2
POST,201,1602466193508,1602466193510,2
POST,201,1602466193508,1602466193510,2
POST,201,1602466193508,1602466193510,2
POST,201,1602466193509,1602466193510,1
POST,201,1602466193508,1602466193510,2
POST,201,1602466193509,1602466193510,1
POST,201,1602466193509,1602466193510,1
POST,201,1602466193509,1602466193511,2
POST,201,1602466193510,1602466193511,1
POST,201,1602466193509,1602466193511,2
POST,201,1602466193509,1602466193511,2
POST,201,1602466193510,1602466193511,1
POST,201,1602466193510,1602466193511,1
POST,201,1602466193509,1602466193512,3
POST,201,1602466193510,1602466193512,2
POST,201,1602466193510,1602466193512,2
POST,201,1602466193510,1602466193512,2
POST,201,1602466193510,1602466193512,2
POST,201,1602466193510,1602466193512,2
POST,201,1602466193510,1602466193512,2
POST,201,1602466193510,1602466193512,2
POST,201,1602466193510,1602466193512,2
POST,201,1602466193510,1602466193512,2
POST,201,1602466193511,1602466193513,2
POST,201,1602466193511,1602466193513,2
POST,201,1602466193511,1602466193513,2
POST,201,1602466193512,1602466193513,1
POST,201,1602466193512,1602466193513,1
POST,201,1602466193511,1602466193513,2
POST,201,1602466193511,1602466193513,2
POST,201,1602466193512,1602466193513,1
POST,201,1602466193511,1602466193513,2
POST,201,1602466193512,1602466193513,1
POST,201,1602466193512,1602466193514,2
POST,201,1602466193512,1602466193514,2
POST,201,1602466193512,1602466193514,2
POST,201,1602466193512,1602466193514,2
POST,201,1602466193512,1602466193514,2
POST,201,1602466193512,1602466193514,2
POST,201,1602466193514,1602466193514,0
POST,201,1602466193513,1602466193515,2
POST,201,1602466193513,1602466193515,2
POST,201,1602466193513,1602466193515,2
POST,201,1602466193513,1602466193515,2
POST,201,1602466193513,1602466193515,2
POST,201,1602466193513,1602466193515,2
POST,201,1602466193513,1602466193515,2
POST,201,1602466193513,1602466193515,2
POST,201,1602466193513,1602466193515,2
POST,201,1602466193514,1602466193515,1
POST,201,1602466193514,1602466193515,1
POST,201,1602466193514,1602466193515,1
POST,201,1602466193514,1602466193515,1
POST,201,1602466193514,1602466193515,1
POST,201,1602466193514,1602466193515,1
POST,201,1602466193514,1602466193516,2
POST,201,1602466193515,1602466193516,1
POST,201,1602466193515,1602466193516,1
POST,201,1602466193515,1602466193516,1
POST,201,1602466193515,1602466193516,1
POST,201,1602466193515,1602466193516,1
POST,201,1602466193515,1602466193517,2
POST,201,1602466193515,1602466193517,2
POST,201,1602466193515,1602466193517,2
POST,201,1602466193515,1602466193517,2
POST,201,1602466193515,1602466193517,2
POST,201,1602466193515,1602466193517,2
POST,201,1602466193515,1602466193517,2
POST,201,1602466193515,1602466193517,2
POST,201,1602466193515,1602466193517,2
POST,201,1602466193515,1602466193517,2
POST,201,1602466193516,1602466193518,2
POST,201,1602466193516,1602466193518,2
POST,201,1602466193516,1602466193518,2
POST,201,1602466193516,1602466193518,2
POST,201,1602466193516,1602466193518,2
POST,201,1602466193516,1602466193518,2
POST,201,1602466193517,1602466193518,1
POST,201,1602466193517,1602466193518,1
POST,201,1602466193517,1602466193518,1
POST,201,1602466193517,1602466193518,1
POST,201,1602466193517,1602466193518,1
POST,201,1602466193517,1602466193518,1
POST,201,1602466193517,1602466193519,2
POST,201,1602466193517,1602466193519,2
POST,201,1602466193517,1602466193519,2
POST,201,1602466193517,1602466193519,2
POST,201,1602466193518,1602466193519,1
POST,201,1602466193518,1602466193519,1
POST,201,1602466193518,1602466193519,1
POST,201,1602466193518,1602466193519,1
POST,201,1602466193518,1602466193519,1
POST,201,1602466193518,1602466193519,1
POST,201,1602466193518,1602466193519,1
POST,201,1602466193518,1602466193519,1
POST,201,1602466193518,1602466193520,2
POST,201,1602466193518,1602466193520,2
POST,201,1602466193518,1602466193520,2
POST,201,1602466193518,1602466193520,2
POST,201,1602466193519,1602466193520,1
POST,201,1602466193519,1602466193520,1
POST,201,1602466193519,1602466193520,1
POST,201,1602466193519,1602466193520,1
POST,201,1602466193519,1602466193521,2
POST,201,1602466193519,1602466193521,2
POST,201,1602466193519,1602466193521,2
POST,201,1602466193519,1602466193521,2
POST,201,1602466193519,1602466193521,2
POST,201,1602466193519,1602466193521,2
POST,201,1602466193519,1602466193521,2
POST,201,1602466193519,1602466193521,2
POST,201,1602466193520,1602466193521,1
POST,201,1602466193520,1602466193521,1
POST,201,1602466193520,1602466193521,1
POST,201,1602466193520,1602466193522,2
POST,201,1602466193520,1602466193522,2
POST,201,1602466193520,1602466193522,2
POST,201,1602466193520,1602466193522,2
POST,201,1602466193520,1602466193522,2
POST,201,1602466193521,1602466193522,1
POST,201,1602466193521,1602466193522,1
POST,201,1602466193521,1602466193522,1
POST,201,1602466193521,1602466193522,1
POST,201,1602466193521,1602466193523,2
POST,201,1602466193521,1602466193523,2
POST,201,1602466193521,1602466193523,2
POST,201,1602466193521,1602466193523,2
POST,201,1602466193522,1602466193523,1
POST,201,1602466193522,1602466193523,1
POST,201,1602466193522,1602466193523,1
POST,201,1602466193521,1602466193523,2
POST,201,1602466193521,1602466193523,2
POST,201,1602466193522,1602466193523,1
POST,201,1602466193522,1602466193523,1
POST,201,1602466193522,1602466193523,1
POST,201,1602466193522,1602466193523,1
POST,201,1602466193522,1602466193523,1
POST,201,1602466193522,1602466193523,1
POST,201,1602466193522,1602466193524,2
POST,201,1602466193523,1602466193524,1
POST,201,1602466193523,1602466193524,1
POST,201,1602466193523,1602466193524,1
POST,201,1602466193523,1602466193524,1
POST,201,1602466193523,1602466193524,1
POST,201,1602466193523,1602466193524,1
POST,201,1602466193523,1602466193524,1
POST,201,1602466193523,1602466193525,2
POST,201,1602466193523,1602466193525,2
POST,201,1602466193523,1602466193525,2
POST,201,1602466193523,1602466193525,2
POST,201,1602466193523,1602466193525,2
POST,201,1602466193523,1602466193525,2
POST,201,1602466193523,1602466193525,2
POST,201,1602466193523,1602466193525,2
POST,201,1602466193524,1602466193525,1
POST,201,1602466193524,1602466193525,1
POST,201,1602466193524,1602466193525,1
POST,201,1602466193524,1602466193526,2
POST,201,1602466193524,1602466193526,2
POST,201,1602466193524,1602466193526,2
POST,201,1602466193524,1602466193526,2
POST,201,1602466193524,1602466193526,2
POST,201,1602466193525,1602466193526,1
POST,201,1602466193525,1602466193526,1
POST,201,1602466193525,1602466193526,1
POST,201,1602466193525,1602466193527,2
POST,201,1602466193525,1602466193527,2
POST,201,1602466193525,1602466193527,2
POST,201,1602466193525,1602466193527,2
POST,201,1602466193525,1602466193527,2
POST,201,1602466193525,1602466193527,2
POST,201,1602466193525,1602466193527,2
POST,201,1602466193525,1602466193527,2
POST,201,1602466193526,1602466193528,2
POST,201,1602466193526,1602466193528,2
POST,201,1602466193526,1602466193528,2
POST,201,1602466193526,1602466193528,2
POST,201,1602466193526,1602466193528,2
POST,201,1602466193527,1602466193528,1
POST,201,1602466193528,1602466193528,0
POST,201,1602466193526,1602466193528,2
POST,201,1602466193526,1602466193529,3
POST,201,1602466193527,1602466193529,2
POST,201,1602466193527,1602466193529,2
POST,201,1602466193527,1602466193529,2
POST,201,1602466193527,1602466193529,2
POST,201,1602466193528,1602466193529,1
POST,201,1602466193527,1602466193529,2
POST,201,1602466193528,1602466193529,1
POST,201,1602466193528,1602466193529,1
POST,201,1602466193527,1602466193529,2
POST,201,1602466193527,1602466193529,2
POST,201,1602466193527,1602466193529,2
POST,201,1602466193528,1602466193529,1
POST,201,1602466193528,1602466193529,1
POST,201,1602466193529,1602466193530,1
POST,201,1602466193528,1602466193530,2
POST,201,1602466193529,1602466193530,1
POST,201,1602466193529,1602466193530,1
POST,201,1602466193529,1602466193530,1
POST,201,1602466193529,1602466193530,1
POST,201,1602466193529,1602466193530,1
POST,201,1602466193529,1602466193531,2
POST,201,1602466193529,1602466193531,2
POST,201,1602466193529,1602466193531,2
POST,201,1602466193529,1602466193531,2
POST,201,1602466193529,1602466193531,2
POST,201,1602466193529,1602466193531,2
POST,201,1602466193529,1602466193531,2
POST,201,1602466193529,1602466193531,2
POST,201,1602466193529,1602466193531,2
POST,201,1602466193530,1602466193531,1
POST,201,1602466193531,1602466193532,1
POST,201,1602466193531,1602466193532,1
POST,201,1602466193530,1602466193532,2
POST,201,1602466193530,1602466193532,2
POST,201,1602466193530,1602466193532,2
POST,201,1602466193531,1602466193532,1
POST,201,1602466193530,1602466193532,2
POST,201,1602466193530,1602466193532,2
POST,201,1602466193530,1602466193532,2
POST,201,1602466193531,1602466193532,1
POST,201,1602466193531,1602466193532,1
POST,201,1602466193531,1602466193532,1
POST,201,1602466193531,1602466193532,1
POST,201,1602466193531,1602466193532,1
POST,201,1602466193531,1602466193533,2
POST,201,1602466193531,1602466193533,2
POST,201,1602466193532,1602466193533,1
POST,201,1602466193532,1602466193533,1
POST,201,1602466193532,1602466193533,1
POST,201,1602466193532,1602466193533,1
POST,201,1602466193532,1602466193533,1
POST,201,1602466193532,1602466193534,2
POST,201,1602466193532,1602466193534,2
POST,201,1602466193532,1602466193534,2
POST,201,1602466193532,1602466193534,2
POST,201,1602466193532,1602466193534,2
POST,201,1602466193532,1602466193534,2
POST,201,1602466193532,1602466193534,2
POST,201,1602466193532,1602466193534,2
POST,201,1602466193533,1602466193534,1
POST,201,1602466193533,1602466193534,1
POST,201,1602466193533,1602466193534,1
POST,201,1602466193533,1602466193535,2
POST,201,1602466193533,1602466193535,2
POST,201,1602466193533,1602466193535,2
POST,201,1602466193534,1602466193535,1
POST,201,1602466193534,1602466193535,1
POST,201,1602466193534,1602466193535,1
POST,201,1602466193533,1602466193535,2
POST,201,1602466193533,1602466193535,2
POST,201,1602466193534,1602466193535,1
POST,201,1602466193534,1602466193535,1
POST,201,1602466193534,1602466193535,1
POST,201,1602466193534,1602466193535,1
POST,201,1602466193534,1602466193536,2
POST,201,1602466193534,1602466193536,2
POST,201,1602466193534,1602466193536,2
POST,201,1602466193535,1602466193536,1
POST,201,1602466193535,1602466193536,1
POST,201,1602466193534,1602466193536,2
POST,201,1602466193535,1602466193536,1
POST,201,1602466193535,1602466193536,1
POST,201,1602466193535,1602466193537,2
POST,201,1602466193535,1602466193537,2
POST,201,1602466193535,1602466193537,2
POST,201,1602466193535,1602466193537,2
POST,201,1602466193535,1602466193537,2
POST,201,1602466193535,1602466193537,2
POST,201,1602466193536,1602466193537,1
POST,201,1602466193535,1602466193537,2
POST,201,1602466193535,1602466193537,2
POST,201,1602466193536,1602466193537,1
POST,201,1602466193536,1602466193537,1
POST,201,1602466193536,1602466193537,1
POST,201,1602466193536,1602466193538,2
POST,201,1602466193536,1602466193538,2
POST,201,1602466193537,1602466193538,1
POST,201,1602466193537,1602466193538,1
POST,201,1602466193537,1602466193538,1
POST,201,1602466193537,1602466193538,1
POST,201,1602466193537,1602466193538,1
POST,201,1602466193537,1602466193538,1
POST,201,1602466193537,1602466193538,1
POST,201,1602466193537,1602466193538,1
POST,201,1602466193537,1602466193538,1
POST,201,1602466193537,1602466193538,1
POST,201,1602466193537,1602466193538,1
POST,201,1602466193538,1602466193539,1
POST,201,1602466193537,1602466193539,2
POST,201,1602466193537,1602466193539,2
POST,201,1602466193538,1602466193539,1
POST,201,1602466193538,1602466193539,1
POST,201,1602466193538,1602466193540,2
POST,201,1602466193538,1602466193540,2
POST,201,1602466193538,1602466193540,2
POST,201,1602466193538,1602466193540,2
POST,201,1602466193538,1602466193540,2
POST,201,1602466193538,1602466193540,2
POST,201,1602466193538,1602466193540,2
POST,201,1602466193538,1602466193540,2
POST,201,1602466193539,1602466193540,1
POST,201,1602466193538,1602466193540,2
POST,201,1602466193538,1602466193540,2
POST,201,1602466193539,1602466193540,1
POST,201,1602466193540,1602466193540,0
POST,201,1602466193539,1602466193541,2
POST,201,1602466193539,1602466193541,2
POST,201,1602466193539,1602466193541,2
POST,201,1602466193539,1602466193541,2
POST,201,1602466193540,1602466193541,1
POST,201,1602466193540,1602466193541,1
POST,201,1602466193540,1602466193541,1
POST,201,1602466193540,1602466193541,1
POST,201,1602466193540,1602466193541,1
POST,201,1602466193540,1602466193541,1
POST,201,1602466193540,1602466193542,2
POST,201,1602466193540,1602466193542,2
POST,201,1602466193540,1602466193542,2
POST,201,1602466193540,1602466193542,2
POST,201,1602466193540,1602466193542,2
POST,201,1602466193541,1602466193542,1
POST,201,1602466193540,1602466193542,2
POST,201,1602466193541,1602466193542,1
POST,201,1602466193541,1602466193542,1
POST,201,1602466193541,1602466193542,1
POST,201,1602466193541,1602466193543,2
POST,201,1602466193541,1602466193543,2
POST,201,1602466193541,1602466193543,2
POST,201,1602466193541,1602466193543,2
POST,201,1602466193541,1602466193543,2
POST,201,1602466193541,1602466193543,2
POST,201,1602466193542,1602466193543,1
POST,201,1602466193542,1602466193543,1
POST,201,1602466193542,1602466193543,1
POST,201,1602466193542,1602466193543,1
POST,201,1602466193542,1602466193544,2
POST,201,1602466193542,1602466193544,2
POST,201,1602466193542,1602466193544,2
POST,201,1602466193542,1602466193544,2
POST,201,1602466193542,1602466193544,2
POST,201,1602466193542,1602466193544,2
POST,201,1602466193543,1602466193544,1
POST,201,1602466193543,1602466193544,1
POST,201,1602466193543,1602466193544,1
POST,201,1602466193544,1602466193544,0
POST,201,1602466193543,1602466193545,2
POST,201,1602466193543,1602466193545,2
POST,201,1602466193543,1602466193545,2
POST,201,1602466193543,1602466193545,2
POST,201,1602466193543,1602466193545,2
POST,201,1602466193543,1602466193545,2
POST,201,1602466193543,1602466193545,2
POST,201,1602466193544,1602466193545,1
POST,201,1602466193544,1602466193545,1
POST,201,1602466193544,1602466193545,1
POST,201,1602466193544,1602466193545,1
POST,201,1602466193544,1602466193545,1
POST,201,1602466193544,1602466193546,2
POST,201,1602466193545,1602466193546,1
POST,201,1602466193544,1602466193546,2
POST,201,1602466193544,1602466193546,2
POST,201,1602466193544,1602466193546,2
POST,201,1602466193545,1602466193546,1
POST,201,1602466193545,1602466193547,2
POST,201,1602466193545,1602466193547,2
POST,201,1602466193545,1602466193547,2
POST,201,1602466193545,1602466193547,2
POST,201,1602466193545,1602466193547,2
POST,201,1602466193545,1602466193547,2
POST,201,1602466193545,1602466193547,2
POST,201,1602466193545,1602466193547,2
POST,201,1602466193545,1602466193547,2
POST,201,1602466193545,1602466193547,2
POST,201,1602466193546,1602466193547,1
POST,201,1602466193546,1602466193548,2
POST,201,1602466193546,1602466193548,2
POST,201,1602466193546,1602466193548,2
POST,201,1602466193546,1602466193548,2
POST,201,1602466193546,1602466193548,2
POST,201,1602466193547,1602466193548,1
POST,201,1602466193547,1602466193548,1
POST,201,1602466193547,1602466193548,1
POST,201,1602466193547,1602466193548,1
POST,201,1602466193547,1602466193548,1
POST,201,1602466193547,1602466193548,1
POST,201,1602466193547,1602466193548,1
POST,201,1602466193547,1602466193548,1
POST,201,1602466193547,1602466193548,1
POST,201,1602466193547,1602466193548,1
POST,201,1602466193547,1602466193549,2
POST,201,1602466193548,1602466193549,1
POST,201,1602466193548,1602466193549,1
POST,201,1602466193548,1602466193549,1
POST,201,1602466193548,1602466193549,1
POST,201,1602466193548,1602466193549,1
POST,201,1602466193548,1602466193550,2
POST,201,1602466193548,1602466193550,2
POST,201,1602466193548,1602466193550,2
POST,201,1602466193548,1602466193550,2
POST,201,1602466193548,1602466193550,2
POST,201,1602466193548,1602466193550,2
POST,201,1602466193548,1602466193550,2
POST,201,1602466193548,1602466193550,2
POST,201,1602466193548,1602466193550,2
POST,201,1602466193549,1602466193550,1
POST,201,1602466193548,1602466193550,2
POST,201,1602466193549,1602466193551,2
POST,201,1602466193549,1602466193551,2
POST,201,1602466193549,1602466193551,2
POST,201,1602466193549,1602466193551,2
POST,201,1602466193549,1602466193551,2
POST,201,1602466193550,1602466193551,1
POST,201,1602466193550,1602466193551,1
POST,201,1602466193550,1602466193551,1
POST,201,1602466193550,1602466193551,1
POST,201,1602466193550,1602466193552,2
POST,201,1602466193550,1602466193552,2
POST,201,1602466193550,1602466193552,2
POST,201,1602466193550,1602466193552,2
POST,201,1602466193550,1602466193552,2
POST,201,1602466193550,1602466193552,2
POST,201,1602466193550,1602466193552,2
POST,201,1602466193552,1602466193552,0
POST,201,1602466193551,1602466193552,1
POST,201,1602466193551,1602466193552,1
POST,201,1602466193551,1602466193553,2
POST,201,1602466193551,1602466193553,2
POST,201,1602466193551,1602466193553,2
POST,201,1602466193551,1602466193553,2
POST,201,1602466193551,1602466193553,2
POST,201,1602466193551,1602466193553,2
POST,201,1602466193552,1602466193553,1
POST,201,1602466193552,1602466193553,1
POST,201,1602466193552,1602466193553,1
POST,201,1602466193552,1602466193553,1
POST,201,1602466193551,1602466193553,2
POST,201,1602466193552,1602466193553,1
POST,201,1602466193552,1602466193553,1
POST,201,1602466193553,1602466193554,1
POST,201,1602466193553,1602466193554,1
POST,201,1602466193552,1602466193554,2
POST,201,1602466193552,1602466193554,2
POST,201,1602466193552,1602466193554,2
POST,201,1602466193553,1602466193554,1
POST,201,1602466193553,1602466193554,1
POST,201,1602466193553,1602466193554,1
POST,201,1602466193553,1602466193554,1
POST,201,1602466193553,1602466193554,1
POST,201,1602466193553,1602466193555,2
POST,201,1602466193553,1602466193555,2
POST,201,1602466193553,1602466193555,2
POST,201,1602466193553,1602466193555,2
POST,201,1602466193553,1602466193555,2
POST,201,1602466193553,1602466193555,2
POST,201,1602466193555,1602466193555,0
POST,201,1602466193554,1602466193555,1
POST,201,1602466193554,1602466193555,1
POST,201,1602466193554,1602466193555,1
POST,201,1602466193554,1602466193555,1
POST,201,1602466193554,1602466193555,1
POST,201,1602466193554,1602466193556,2
POST,201,1602466193554,1602466193556,2
POST,201,1602466193554,1602466193556,2
POST,201,1602466193554,1602466193556,2
POST,201,1602466193554,1602466193556,2
POST,201,1602466193555,1602466193556,1
POST,201,1602466193555,1602466193556,1
POST,201,1602466193555,1602466193556,1
POST,201,1602466193555,1602466193556,1
POST,201,1602466193556,1602466193556,0
POST,201,1602466193555,1602466193556,1
POST,201,1602466193556,1602466193557,1
POST,201,1602466193555,1602466193557,2
POST,201,1602466193555,1602466193557,2
POST,201,1602466193555,1602466193557,2
POST,201,1602466193555,1602466193557,2
POST,201,1602466193555,1602466193557,2
POST,201,1602466193556,1602466193557,1
POST,201,1602466193556,1602466193557,1
POST,201,1602466193556,1602466193557,1
POST,201,1602466193556,1602466193558,2
POST,201,1602466193556,1602466193558,2
POST,201,1602466193556,1602466193558,2
POST,201,1602466193556,1602466193558,2
POST,201,1602466193556,1602466193558,2
POST,201,1602466193556,1602466193558,2
POST,201,1602466193556,1602466193558,2
POST,201,1602466193557,1602466193558,1
POST,201,1602466193557,1602466193559,2
POST,201,1602466193557,1602466193559,2
POST,201,1602466193557,1602466193559,2
POST,201,1602466193557,1602466193559,2
POST,201,1602466193557,1602466193559,2
POST,201,1602466193557,1602466193559,2
POST,201,1602466193557,1602466193559,2
POST,201,1602466193557,1602466193559,2
POST,201,1602466193558,1602466193559,1
POST,201,1602466193558,1602466193559,1
POST,201,1602466193558,1602466193559,1
POST,201,1602466193558,1602466193559,1
POST,201,1602466193558,1602466193560,2
POST,201,1602466193558,1602466193560,2
POST,201,1602466193558,1602466193560,2
POST,201,1602466193559,1602466193560,1
POST,201,1602466193558,1602466193560,2
POST,201,1602466193559,1602466193560,1
POST,201,1602466193559,1602466193560,1
POST,201,1602466193559,1602466193560,1
POST,201,1602466193559,1602466193560,1
POST,201,1602466193559,1602466193560,1
POST,201,1602466193559,1602466193560,1
POST,201,1602466193559,1602466193561,2
POST,201,1602466193559,1602466193561,2
POST,201,1602466193559,1602466193561,2
POST,201,1602466193559,1602466193561,2
POST,201,1602466193559,1602466193561,2
POST,201,1602466193560,1602466193561,1
POST,201,1602466193560,1602466193561,1
POST,201,1602466193560,1602466193561,1
POST,201,1602466193560,1602466193561,1
POST,201,1602466193560,1602466193561,1
POST,201,1602466193560,1602466193561,1
POST,201,1602466193561,1602466193561,0
POST,201,1602466193560,1602466193562,2
POST,201,1602466193560,1602466193562,2
POST,201,1602466193560,1602466193562,2
POST,201,1602466193560,1602466193562,2
POST,201,1602466193560,1602466193562,2
POST,201,1602466193561,1602466193562,1
POST,201,1602466193561,1602466193562,1
POST,201,1602466193561,1602466193562,1
POST,201,1602466193561,1602466193562,1
POST,201,1602466193561,1602466193562,1
POST,201,1602466193561,1602466193562,1
POST,201,1602466193561,1602466193563,2
POST,201,1602466193561,1602466193563,2
POST,201,1602466193561,1602466193563,2
POST,201,1602466193561,1602466193563,2
POST,201,1602466193561,1602466193563,2
POST,201,1602466193562,1602466193563,1
POST,201,1602466193562,1602466193563,1
POST,201,1602466193562,1602466193563,1
POST,201,1602466193562,1602466193563,1
POST,201,1602466193562,1602466193563,1
POST,201,1602466193562,1602466193563,1
POST,201,1602466193562,1602466193564,2
POST,201,1602466193562,1602466193564,2
POST,201,1602466193562,1602466193564,2
POST,201,1602466193562,1602466193564,2
POST,201,1602466193562,1602466193564,2
POST,201,1602466193563,1602466193564,1
POST,201,1602466193563,1602466193564,1
POST,201,1602466193563,1602466193564,1
POST,201,1602466193563,1602466193564,1
POST,201,1602466193563,1602466193564,1
POST,201,1602466193563,1602466193565,2
POST,201,1602466193563,1602466193565,2
POST,201,1602466193563,1602466193565,2
POST,201,1602466193563,1602466193565,2
POST,201,1602466193563,1602466193565,2
POST,201,1602466193563,1602466193565,2
POST,201,1602466193564,1602466193565,1
POST,201,1602466193564,1602466193565,1
POST,201,1602466193564,1602466193565,1
POST,201,1602466193564,1602466193565,1
POST,201,1602466193564,1602466193565,1
POST,201,1602466193564,1602466193565,1
POST,201,1602466193564,1602466193566,2
POST,201,1602466193564,1602466193566,2
POST,201,1602466193564,1602466193566,2
POST,201,1602466193564,1602466193566,2
POST,201,1602466193565,1602466193566,1
POST,201,1602466193565,1602466193566,1
POST,201,1602466193565,1602466193566,1
POST,201,1602466193565,1602466193566,1
POST,201,1602466193565,1602466193566,1
POST,201,1602466193565,1602466193566,1
POST,201,1602466193565,1602466193566,1
POST,201,1602466193565,1602466193566,1
POST,201,1602466193565,1602466193566,1
POST,201,1602466193565,1602466193566,1
POST,201,1602466193565,1602466193567,2
POST,201,1602466193565,1602466193567,2
POST,201,1602466193566,1602466193567,1
POST,201,1602466193566,1602466193567,1
POST,201,1602466193566,1602466193567,1
POST,201,1602466193566,1602466193567,1
POST,201,1602466193566,1602466193567,1
POST,201,1602466193566,1602466193568,2
POST,201,1602466193566,1602466193568,2
POST,201,1602466193566,1602466193568,2
POST,201,1602466193566,1602466193568,2
POST,201,1602466193566,1602466193568,2
POST,201,1602466193566,1602466193568,2
POST,201,1602466193566,1602466193568,2
POST,201,1602466193566,1602466193568,2
POST,201,1602466193566,1602466193568,2
POST,201,1602466193567,1602466193568,1
POST,201,1602466193567,1602466193568,1
POST,201,1602466193567,1602466193569,2
POST,201,1602466193567,1602466193569,2
POST,201,1602466193567,1602466193569,2
POST,201,1602466193567,1602466193569,2
POST,201,1602466193568,1602466193569,1
POST,201,1602466193568,1602466193569,1
POST,201,1602466193568,1602466193569,1
POST,201,1602466193567,1602466193569,2
POST,201,1602466193568,1602466193569,1
POST,201,1602466193568,1602466193569,1
POST,201,1602466193568,1602466193569,1
POST,201,1602466193568,1602466193569,1
POST,201,1602466193568,1602466193570,2
POST,201,1602466193568,1602466193570,2
POST,201,1602466193568,1602466193570,2
POST,201,1602466193568,1602466193570,2
POST,201,1602466193569,1602466193571,2
POST,201,1602466193569,1602466193571,2
POST,201,1602466193569,1602466193571,2
POST,201,1602466193569,1602466193571,2
POST,201,1602466193569,1602466193571,2
POST,201,1602466193569,1602466193571,2
POST,201,1602466193569,1602466193571,2
POST,201,1602466193569,1602466193571,2
POST,201,1602466193569,1602466193571,2
POST,201,1602466193569,1602466193571,2
POST,201,1602466193569,1602466193571,2
POST,201,1602466193570,1602466193571,1
POST,201,1602466193569,1602466193571,2
POST,201,1602466193570,1602466193571,1
POST,201,1602466193570,1602466193571,1
POST,201,1602466193570,1602466193572,2
POST,201,1602466193571,1602466193572,1
POST,201,1602466193572,1602466193572,0
POST,201,1602466193571,1602466193572,1
POST,201,1602466193571,1602466193572,1
POST,201,1602466193571,1602466193572,1
POST,201,1602466193571,1602466193572,1
POST,201,1602466193571,1602466193572,1
POST,201,1602466193571,1602466193572,1
POST,201,1602466193571,1602466193572,1
POST,201,1602466193571,1602466193573,2
POST,201,1602466193571,1602466193573,2
POST,201,1602466193571,1602466193573,2
POST,201,1602466193571,1602466193573,2
POST,201,1602466193571,1602466193573,2
POST,201,1602466193571,1602466193573,2
POST,201,1602466193571,1602466193573,2
POST,201,1602466193572,1602466193574,2
POST,201,1602466193572,1602466193574,2
POST,201,1602466193572,1602466193574,2
POST,201,1602466193572,1602466193574,2
POST,201,1602466193572,1602466193574,2
POST,201,1602466193572,1602466193574,2
POST,201,1602466193572,1602466193574,2
POST,201,1602466193572,1602466193574,2
POST,201,1602466193572,1602466193574,2
POST,201,1602466193573,1602466193574,1
POST,201,1602466193573,1602466193574,1
POST,201,1602466193573,1602466193574,1
POST,201,1602466193573,1602466193574,1
POST,201,1602466193573,1602466193574,1
POST,201,1602466193573,1602466193574,1
POST,201,1602466193573,1602466193574,1
POST,201,1602466193574,1602466193576,2
POST,201,1602466193574,1602466193576,2
POST,201,1602466193574,1602466193576,2
POST,201,1602466193574,1602466193576,2
POST,201,1602466193574,1602466193576,2
POST,201,1602466193574,1602466193576,2
POST,201,1602466193574,1602466193576,2
POST,201,1602466193574,1602466193576,2
POST,201,1602466193574,1602466193576,2
POST,201,1602466193574,1602466193576,2
POST,201,1602466193574,1602466193576,2
POST,201,1602466193574,1602466193576,2
POST,201,1602466193574,1602466193576,2
POST,201,1602466193574,1602466193576,2
POST,201,1602466193574,1602466193576,2
POST,201,1602466193574,1602466193576,2
POST,201,1602466193576,1602466193577,1
POST,201,1602466193576,1602466193577,1
POST,201,1602466193576,1602466193577,1
POST,201,1602466193576,1602466193577,1
POST,201,1602466193576,1602466193577,1
POST,201,1602466193576,1602466193577,1
POST,201,1602466193576,1602466193577,1
POST,201,1602466193576,1602466193577,1
POST,201,1602466193576,1602466193577,1
POST,201,1602466193576,1602466193577,1
POST,201,1602466193576,1602466193577,1
POST,201,1602466193576,1602466193577,1
POST,201,1602466193576,1602466193577,1
POST,201,1602466193576,1602466193577,1
POST,201,1602466193576,1602466193577,1
POST,201,1602466193576,1602466193578,2
POST,201,1602466193577,1602466193578,1
POST,201,1602466193577,1602466193578,1
POST,201,1602466193577,1602466193578,1
POST,201,1602466193577,1602466193579,2
POST,201,1602466193577,1602466193579,2
POST,201,1602466193577,1602466193579,2
POST,201,1602466193577,1602466193579,2
POST,201,1602466193577,1602466193579,2
POST,201,1602466193577,1602466193579,2
POST,201,1602466193577,1602466193579,2
POST,201,1602466193577,1602466193579,2
POST,201,1602466193577,1602466193579,2
POST,201,1602466193577,1602466193579,2
POST,201,1602466193577,1602466193579,2
POST,201,1602466193577,1602466193579,2
POST,201,1602466193578,1602466193579,1
POST,201,1602466193579,1602466193579,0
POST,201,1602466193578,1602466193580,2
POST,201,1602466193578,1602466193580,2
POST,201,1602466193579,1602466193580,1
POST,201,1602466193579,1602466193580,1
POST,201,1602466193578,1602466193580,2
POST,201,1602466193579,1602466193580,1
POST,201,1602466193579,1602466193580,1
POST,201,1602466193579,1602466193580,1
POST,201,1602466193579,1602466193580,1
POST,201,1602466193579,1602466193580,1
POST,201,1602466193579,1602466193580,1
POST,201,1602466193579,1602466193580,1
POST,201,1602466193579,1602466193580,1
POST,201,1602466193579,1602466193581,2
POST,201,1602466193579,1602466193581,2
POST,201,1602466193579,1602466193581,2
POST,201,1602466193580,1602466193582,2
POST,201,1602466193580,1602466193582,2
POST,201,1602466193580,1602466193582,2
POST,201,1602466193580,1602466193582,2
POST,201,1602466193580,1602466193582,2
POST,201,1602466193580,1602466193582,2
POST,201,1602466193580,1602466193582,2
POST,201,1602466193580,1602466193582,2
POST,201,1602466193580,1602466193582,2
POST,201,1602466193580,1602466193582,2
POST,201,1602466193580,1602466193582,2
POST,201,1602466193581,1602466193582,1
POST,201,1602466193581,1602466193582,1
POST,201,1602466193580,1602466193582,2
POST,201,1602466193580,1602466193582,2
POST,201,1602466193581,1602466193582,1
POST,201,1602466193582,1602466193583,1
POST,201,1602466193582,1602466193583,1
POST,201,1602466193582,1602466193583,1
POST,201,1602466193582,1602466193583,1
POST,201,1602466193582,1602466193583,1
POST,201,1602466193582,1602466193583,1
POST,201,1602466193582,1602466193583,1
POST,201,1602466193582,1602466193583,1
POST,201,1602466193582,1602466193583,1
POST,201,1602466193582,1602466193583,1
POST,201,1602466193582,1602466193583,1
POST,201,1602466193582,1602466193584,2
POST,201,1602466193582,1602466193584,2
POST,201,1602466193582,1602466193584,2
POST,201,1602466193582,1602466193584,2
POST,201,1602466193582,1602466193584,2
POST,201,1602466193583,1602466193585,2
POST,201,1602466193583,1602466193585,2
POST,201,1602466193583,1602466193585,2
POST,201,1602466193583,1602466193585,2
POST,201,1602466193583,1602466193585,2
POST,201,1602466193583,1602466193585,2
POST,201,1602466193583,1602466193585,2
POST,201,1602466193583,1602466193585,2
POST,201,1602466193583,1602466193585,2
POST,201,1602466193583,1602466193585,2
POST,201,1602466193583,1602466193585,2
POST,201,1602466193584,1602466193585,1
POST,201,1602466193584,1602466193585,1
POST,201,1602466193584,1602466193585,1
POST,201,1602466193584,1602466193586,2
POST,201,1602466193584,1602466193586,2
POST,201,1602466193585,1602466193586,1
POST,201,1602466193585,1602466193586,1
POST,201,1602466193585,1602466193586,1
POST,201,1602466193585,1602466193586,1
POST,201,1602466193585,1602466193586,1
POST,201,1602466193585,1602466193586,1
POST,201,1602466193585,1602466193586,1
POST,201,1602466193585,1602466193587,2
POST,201,1602466193585,1602466193587,2
POST,201,1602466193585,1602466193587,2
POST,201,1602466193585,1602466193587,2
POST,201,1602466193585,1602466193587,2
POST,201,1602466193586,1602466193587,1
POST,201,1602466193585,1602466193587,2
POST,201,1602466193585,1602466193587,2
POST,201,1602466193586,1602466193587,1
POST,201,1602466193586,1602466193588,2
POST,201,1602466193586,1602466193588,2
POST,201,1602466193586,1602466193588,2
POST,201,1602466193586,1602466193588,2
POST,201,1602466193586,1602466193588,2
POST,201,1602466193586,1602466193588,2
POST,201,1602466193587,1602466193588,1
POST,201,1602466193586,1602466193588,2
POST,201,1602466193587,1602466193588,1
POST,201,1602466193587,1602466193588,1
POST,201,1602466193587,1602466193588,1
POST,201,1602466193587,1602466193588,1
POST,201,1602466193587,1602466193589,2
POST,201,1602466193587,1602466193589,2
POST,201,1602466193588,1602466193589,1
POST,201,1602466193587,1602466193589,2
POST,201,1602466193587,1602466193589,2
POST,201,1602466193588,1602466193589,1
POST,201,1602466193588,1602466193589,1
POST,201,1602466193588,1602466193589,1
POST,201,1602466193588,1602466193589,1
POST,201,1602466193588,1602466193589,1
POST,201,1602466193588,1602466193590,2
POST,201,1602466193588,1602466193590,2
POST,201,1602466193588,1602466193590,2
POST,201,1602466193588,1602466193590,2
POST,201,1602466193588,1602466193590,2
POST,201,1602466193588,1602466193590,2
POST,201,1602466193589,1602466193590,1
POST,201,1602466193589,1602466193590,1
POST,201,1602466193589,1602466193590,1
POST,201,1602466193589,1602466193590,1
POST,201,1602466193589,1602466193590,1
POST,201,1602466193590,1602466193591,1
POST,201,1602466193589,1602466193591,2
POST,201,1602466193589,1602466193591,2
POST,201,1602466193590,1602466193591,1
POST,201,1602466193589,1602466193591,2
POST,201,1602466193590,1602466193591,1
POST,201,1602466193589,1602466193591,2
POST,201,1602466193589,1602466193591,2
POST,201,1602466193590,1602466193592,2
POST,201,1602466193590,1602466193592,2
POST,201,1602466193590,1602466193592,2
POST,201,1602466193590,1602466193592,2
POST,201,1602466193590,1602466193592,2
POST,201,1602466193590,1602466193592,2
POST,201,1602466193590,1602466193592,2
POST,201,1602466193591,1602466193592,1
POST,201,1602466193591,1602466193593,2
POST,201,1602466193591,1602466193593,2
POST,201,1602466193591,1602466193593,2
POST,201,1602466193591,1602466193593,2
POST,201,1602466193591,1602466193593,2
POST,201,1602466193591,1602466193593,2
POST,201,1602466193591,1602466193593,2
POST,201,1602466193591,1602466193593,2
POST,201,1602466193592,1602466193593,1
POST,201,1602466193592,1602466193593,1
POST,201,1602466193592,1602466193593,1
POST,201,1602466193592,1602466193593,1
POST,201,1602466193592,1602466193593,1
POST,201,1602466193592,1602466193593,1
POST,201,1602466193592,1602466193593,1
POST,201,1602466193592,1602466193594,2
POST,201,1602466193593,1602466193595,2
POST,201,1602466193593,1602466193595,2
POST,201,1602466193593,1602466193595,2
POST,201,1602466193593,1602466193595,2
POST,201,1602466193593,1602466193595,2
POST,201,1602466193593,1602466193595,2
POST,201,1602466193593,1602466193595,2
POST,201,1602466193593,1602466193595,2
POST,201,1602466193593,1602466193595,2
POST,201,1602466193593,1602466193595,2
POST,201,1602466193593,1602466193595,2
POST,201,1602466193593,1602466193595,2
POST,201,1602466193593,1602466193595,2
POST,201,1602466193594,1602466193595,1
POST,201,1602466193593,1602466193595,2
POST,201,1602466193593,1602466193595,2
POST,201,1602466193595,1602466193596,1
POST,201,1602466193595,1602466193596,1
POST,201,1602466193595,1602466193596,1
POST,201,1602466193595,1602466193596,1
POST,201,1602466193595,1602466193596,1
POST,201,1602466193595,1602466193596,1
POST,201,1602466193595,1602466193596,1
POST,201,1602466193595,1602466193596,1
POST,201,1602466193595,1602466193597,2
POST,201,1602466193595,1602466193597,2
POST,201,1602466193595,1602466193597,2
POST,201,1602466193595,1602466193597,2
POST,201,1602466193595,1602466193597,2
POST,201,1602466193595,1602466193597,2
POST,201,1602466193595,1602466193597,2
POST,201,1602466193595,1602466193597,2
POST,201,1602466193597,1602466193597,0
POST,201,1602466193597,1602466193597,0
POST,201,1602466193596,1602466193598,2
POST,201,1602466193596,1602466193598,2
POST,201,1602466193596,1602466193598,2
POST,201,1602466193596,1602466193598,2
POST,201,1602466193597,1602466193598,1
POST,201,1602466193596,1602466193598,2
POST,201,1602466193596,1602466193598,2
POST,201,1602466193596,1602466193598,2
POST,201,1602466193596,1602466193598,2
POST,201,1602466193597,1602466193598,1
POST,201,1602466193597,1602466193599,2
POST,201,1602466193597,1602466193599,2
POST,201,1602466193597,1602466193599,2
POST,201,1602466193597,1602466193599,2
POST,201,1602466193598,1602466193599,1
POST,201,1602466193597,1602466193599,2
POST,201,1602466193597,1602466193599,2
POST,201,1602466193598,1602466193599,1
POST,201,1602466193598,1602466193599,1
POST,201,1602466193598,1602466193599,1
POST,201,1602466193598,1602466193600,2
POST,201,1602466193598,1602466193600,2
POST,201,1602466193598,1602466193600,2
POST,201,1602466193598,1602466193600,2
POST,201,1602466193598,1602466193600,2
POST,201,1602466193599,1602466193600,1
POST,201,1602466193598,1602466193600,2
POST,201,1602466193599,1602466193600,1
POST,201,1602466193599,1602466193600,1
POST,201,1602466193599,1602466193600,1
POST,201,1602466193599,1602466193600,1
POST,201,1602466193599,1602466193600,1
POST,201,1602466193599,1602466193600,1
POST,201,1602466193599,1602466193600,1
POST,201,1602466193599,1602466193600,1
POST,201,1602466193599,1602466193601,2
POST,201,1602466193600,1602466193601,1
POST,201,1602466193600,1602466193601,1
POST,201,1602466193600,1602466193601,1
POST,201,1602466193600,1602466193601,1
POST,201,1602466193600,1602466193601,1
POST,201,1602466193600,1602466193602,2
POST,201,1602466193600,1602466193602,2
POST,201,1602466193600,1602466193602,2
POST,201,1602466193600,1602466193602,2
POST,201,1602466193600,1602466193602,2
POST,201,1602466193600,1602466193602,2
POST,201,1602466193600,1602466193602,2
POST,201,1602466193600,1602466193602,2
POST,201,1602466193600,1602466193602,2
POST,201,1602466193600,1602466193602,2
POST,201,1602466193601,1602466193602,1
POST,201,1602466193601,1602466193602,1
POST,201,1602466193601,1602466193603,2
POST,201,1602466193601,1602466193603,2
POST,201,1602466193601,1602466193603,2
POST,201,1602466193601,1602466193603,2
POST,201,1602466193602,1602466193603,1
POST,201,1602466193602,1602466193603,1
POST,201,1602466193602,1602466193603,1
POST,201,1602466193602,1602466193603,1
POST,201,1602466193602,1602466193603,1
POST,201,1602466193602,1602466193603,1
POST,201,1602466193602,1602466193603,1
POST,201,1602466193602,1602466193603,1
POST,201,1602466193602,1602466193603,1
POST,201,1602466193602,1602466193603,1
POST,201,1602466193602,1602466193603,1
POST,201,1602466193602,1602466193604,2
POST,201,1602466193603,1602466193604,1
POST,201,1602466193603,1602466193604,1
POST,201,1602466193603,1602466193604,1
POST,201,1602466193603,1602466193604,1
POST,201,1602466193603,1602466193604,1
POST,201,1602466193603,1602466193604,1
POST,201,1602466193603,1602466193604,1
POST,201,1602466193603,1602466193604,1
POST,201,1602466193603,1602466193604,1
POST,201,1602466193603,1602466193605,2
POST,201,1602466193603,1602466193605,2
POST,201,1602466193603,1602466193605,2
POST,201,1602466193603,1602466193605,2
POST,201,1602466193603,1602466193605,2
POST,201,1602466193603,1602466193605,2
POST,201,1602466193604,1602466193605,1
POST,201,1602466193604,1602466193605,1
POST,201,1602466193604,1602466193605,1
POST,201,1602466193604,1602466193605,1
POST,201,1602466193604,1602466193606,2
POST,201,1602466193604,1602466193606,2
POST,201,1602466193604,1602466193606,2
POST,201,1602466193604,1602466193606,2
POST,201,1602466193604,1602466193606,2
POST,201,1602466193604,1602466193606,2
POST,201,1602466193605,1602466193606,1
POST,201,1602466193605,1602466193606,1
POST,201,1602466193605,1602466193606,1
POST,201,1602466193605,1602466193606,1
POST,201,1602466193605,1602466193606,1
POST,201,1602466193605,1602466193606,1
POST,201,1602466193605,1602466193607,2
POST,201,1602466193605,1602466193607,2
POST,201,1602466193605,1602466193607,2
POST,201,1602466193606,1602466193607,1
POST,201,1602466193605,1602466193607,2
POST,201,1602466193606,1602466193607,1
POST,201,1602466193606,1602466193607,1
POST,201,1602466193606,1602466193607,1
POST,201,1602466193606,1602466193607,1
POST,201,1602466193606,1602466193607,1
POST,201,1602466193606,1602466193607,1
POST,201,1602466193606,1602466193607,1
POST,201,1602466193606,1602466193608,2
POST,201,1602466193606,1602466193608,2
POST,201,1602466193606,1602466193608,2
POST,201,1602466193606,1602466193608,2
POST,201,1602466193607,1602466193608,1
POST,201,1602466193607,1602466193608,1
POST,201,1602466193607,1602466193608,1
POST,201,1602466193607,1602466193608,1
POST,201,1602466193607,1602466193608,1
POST,201,1602466193607,1602466193608,1
POST,201,1602466193607,1602466193609,2
POST,201,1602466193607,1602466193609,2
POST,201,1602466193607,1602466193609,2
POST,201,1602466193607,1602466193609,2
POST,201,1602466193607,1602466193609,2
POST,201,1602466193607,1602466193609,2
POST,201,1602466193608,1602466193609,1
POST,201,1602466193608,1602466193609,1
POST,201,1602466193608,1602466193609,1
POST,201,1602466193608,1602466193609,1
POST,201,1602466193608,1602466193609,1
POST,201,1602466193608,1602466193610,2
POST,201,1602466193608,1602466193610,2
POST,201,1602466193608,1602466193610,2
POST,201,1602466193608,1602466193610,2
POST,201,1602466193608,1602466193610,2
POST,201,1602466193609,1602466193610,1
POST,201,1602466193609,1602466193610,1
POST,201,1602466193609,1602466193610,1
POST,201,1602466193609,1602466193610,1
POST,201,1602466193609,1602466193610,1
POST,201,1602466193609,1602466193610,1
POST,201,1602466193609,1602466193611,2
POST,201,1602466193609,1602466193611,2
POST,201,1602466193609,1602466193611,2
POST,201,1602466193609,1602466193611,2
POST,201,1602466193609,1602466193611,2
POST,201,1602466193610,1602466193611,1
POST,201,1602466193610,1602466193611,1
POST,201,1602466193610,1602466193611,1
POST,201,1602466193610,1602466193611,1
POST,201,1602466193610,1602466193611,1
POST,201,1602466193610,1602466193611,1
POST,201,1602466193610,1602466193611,1
POST,201,1602466193610,1602466193612,2
POST,201,1602466193610,1602466193612,2
POST,201,1602466193610,1602466193612,2
POST,201,1602466193610,1602466193612,2
POST,201,1602466193611,1602466193612,1
POST,201,1602466193611,1602466193612,1
POST,201,1602466193611,1602466193612,1
POST,201,1602466193611,1602466193613,2
POST,201,1602466193611,1602466193613,2
POST,201,1602466193611,1602466193613,2
POST,201,1602466193611,1602466193613,2
POST,201,1602466193611,1602466193613,2
POST,201,1602466193611,1602466193613,2
POST,201,1602466193611,1602466193613,2
POST,201,1602466193611,1602466193613,2
POST,201,1602466193611,1602466193613,2
POST,201,1602466193612,1602466193614,2
POST,201,1602466193612,1602466193614,2
POST,201,1602466193612,1602466193614,2
POST,201,1602466193612,1602466193614,2
POST,201,1602466193612,1602466193614,2
POST,201,1602466193612,1602466193614,2
POST,201,1602466193612,1602466193614,2
POST,201,1602466193613,1602466193614,1
POST,201,1602466193613,1602466193614,1
POST,201,1602466193613,1602466193614,1
POST,201,1602466193613,1602466193614,1
POST,201,1602466193614,1602466193615,1
POST,201,1602466193613,1602466193615,2
POST,201,1602466193613,1602466193615,2
POST,201,1602466193614,1602466193615,1
POST,201,1602466193613,1602466193615,2
POST,201,1602466193613,1602466193615,2
POST,201,1602466193614,1602466193615,1
POST,201,1602466193613,1602466193615,2
POST,201,1602466193614,1602466193615,1
POST,201,1602466193614,1602466193615,1
POST,201,1602466193614,1602466193616,2
POST,201,1602466193614,1602466193616,2
POST,201,1602466193614,1602466193616,2
POST,201,1602466193614,1602466193616,2
POST,201,1602466193614,1602466193616,2
POST,201,1602466193614,1602466193616,2
POST,201,1602466193615,1602466193616,1
POST,201,1602466193615,1602466193616,1
POST,201,1602466193615,1602466193616,1
POST,201,1602466193615,1602466193616,1
POST,201,1602466193616,1602466193617,1
POST,201,1602466193615,1602466193617,2
POST,201,1602466193615,1602466193617,2
POST,201,1602466193615,1602466193617,2
POST,201,1602466193615,1602466193617,2
POST,201,1602466193615,1602466193617,2
POST,201,1602466193615,1602466193617,2
POST,201,1602466193616,1602466193617,1
POST,201,1602466193616,1602466193617,1
POST,201,1602466193616,1602466193617,1
POST,201,1602466193616,1602466193617,1
POST,201,1602466193616,1602466193617,1
POST,201,1602466193616,1602466193618,2
POST,201,1602466193616,1602466193618,2
POST,201,1602466193616,1602466193618,2
POST,201,1602466193616,1602466193618,2
POST,201,1602466193617,1602466193618,1
POST,201,1602466193617,1602466193618,1
POST,201,1602466193617,1602466193618,1
POST,201,1602466193617,1602466193618,1
POST,201,1602466193617,1602466193618,1
POST,201,1602466193617,1602466193619,2
POST,201,1602466193617,1602466193619,2
POST,201,1602466193617,1602466193619,2
POST,201,1602466193617,1602466193619,2
POST,201,1602466193617,1602466193619,2
POST,201,1602466193617,1602466193619,2
POST,201,1602466193617,1602466193619,2
POST,201,1602466193618,1602466193620,2
POST,201,1602466193618,1602466193620,2
POST,201,1602466193618,1602466193620,2
POST,201,1602466193618,1602466193620,2
POST,201,1602466193618,1602466193620,2
POST,201,1602466193618,1602466193620,2
POST,201,1602466193618,1602466193620,2
POST,201,1602466193619,1602466193620,1
POST,201,1602466193618,1602466193620,2
POST,201,1602466193618,1602466193620,2
POST,201,1602466193619,1602466193620,1
POST,201,1602466193619,1602466193620,1
POST,201,1602466193619,1602466193620,1
POST,201,1602466193619,1602466193621,2
POST,201,1602466193619,1602466193621,2
POST,201,1602466193619,1602466193621,2
POST,201,1602466193620,1602466193621,1
POST,201,1602466193620,1602466193621,1
POST,201,1602466193620,1602466193621,1
POST,201,1602466193620,1602466193621,1
POST,201,1602466193620,1602466193621,1
POST,201,1602466193620,1602466193621,1
POST,201,1602466193620,1602466193621,1
POST,201,1602466193620,1602466193621,1
POST,201,1602466193620,1602466193622,2
POST,201,1602466193620,1602466193622,2
POST,201,1602466193620,1602466193622,2
POST,201,1602466193620,1602466193622,2
POST,201,1602466193620,1602466193622,2
POST,201,1602466193621,1602466193622,1
POST,201,1602466193621,1602466193622,1
POST,201,1602466193621,1602466193622,1
POST,201,1602466193621,1602466193622,1
POST,201,1602466193621,1602466193622,1
POST,201,1602466193621,1602466193623,2
POST,201,1602466193621,1602466193623,2
POST,201,1602466193621,1602466193623,2
POST,201,1602466193621,1602466193623,2
POST,201,1602466193621,1602466193623,2
POST,201,1602466193621,1602466193623,2
POST,201,1602466193622,1602466193623,1
POST,201,1602466193622,1602466193623,1
POST,201,1602466193622,1602466193623,1
POST,201,1602466193622,1602466193623,1
POST,201,1602466193622,1602466193623,1
POST,201,1602466193622,1602466193623,1
POST,201,1602466193622,1602466193623,1
POST,201,1602466193623,1602466193624,1
POST,201,1602466193622,1602466193624,2
POST,201,1602466193622,1602466193624,2
POST,201,1602466193622,1602466193624,2
POST,201,1602466193623,1602466193624,1
POST,201,1602466193623,1602466193624,1
POST,201,1602466193623,1602466193624,1
POST,201,1602466193623,1602466193624,1
POST,201,1602466193623,1602466193624,1
POST,201,1602466193623,1602466193624,1
POST,201,1602466193623,1602466193625,2
POST,201,1602466193623,1602466193625,2
POST,201,1602466193623,1602466193625,2
POST,201,1602466193623,1602466193625,2
POST,201,1602466193623,1602466193625,2
POST,201,1602466193624,1602466193625,1
POST,201,1602466193623,1602466193625,2
POST,201,1602466193624,1602466193625,1
POST,201,1602466193624,1602466193625,1
POST,201,1602466193624,1602466193625,1
POST,201,1602466193625,1602466193626,1
POST,201,1602466193625,1602466193626,1
POST,201,1602466193625,1602466193626,1
POST,201,1602466193624,1602466193626,2
POST,201,1602466193624,1602466193626,2
POST,201,1602466193624,1602466193626,2
POST,201,1602466193624,1602466193626,2
POST,201,1602466193624,1602466193626,2
POST,201,1602466193625,1602466193626,1
POST,201,1602466193624,1602466193626,2
POST,201,1602466193625,1602466193626,1
POST,201,1602466193625,1602466193626,1
POST,201,1602466193625,1602466193626,1
POST,201,1602466193625,1602466193627,2
POST,201,1602466193625,1602466193627,2
POST,201,1602466193625,1602466193627,2
POST,201,1602466193626,1602466193627,1
POST,201,1602466193626,1602466193627,1
POST,201,1602466193626,1602466193627,1
POST,201,1602466193626,1602466193627,1
POST,201,1602466193626,1602466193627,1
POST,201,1602466193626,1602466193627,1
POST,201,1602466193626,1602466193627,1
POST,201,1602466193626,1602466193627,1
POST,201,1602466193626,1602466193628,2
POST,201,1602466193626,1602466193628,2
POST,201,1602466193626,1602466193628,2
POST,201,1602466193626,1602466193628,2
POST,201,1602466193626,1602466193628,2
POST,201,1602466193627,1602466193628,1
POST,201,1602466193627,1602466193628,1
POST,201,1602466193627,1602466193628,1
POST,201,1602466193627,1602466193628,1
POST,201,1602466193627,1602466193628,1
POST,201,1602466193627,1602466193628,1
POST,201,1602466193628,1602466193628,0
POST,201,1602466193628,1602466193628,0
POST,201,1602466193628,1602466193628,0
POST,201,1602466193628,1602466193629,1
POST,201,1602466193627,1602466193629,2
POST,201,1602466193627,1602466193629,2
POST,201,1602466193627,1602466193629,2
POST,201,1602466193628,1602466193629,1
POST,201,1602466193627,1602466193629,2
POST,201,1602466193628,1602466193629,1
POST,201,1602466193628,1602466193629,1
POST,201,1602466193628,1602466193629,1
POST,201,1602466193628,1602466193630,2
POST,201,1602466193628,1602466193630,2
POST,201,1602466193628,1602466193630,2
POST,201,1602466193628,1602466193630,2
POST,201,1602466193628,1602466193630,2
POST,201,1602466193628,1602466193630,2
POST,201,1602466193628,1602466193630,2
POST,201,1602466193629,1602466193630,1
POST,201,1602466193629,1602466193630,1
POST,201,1602466193629,1602466193630,1
POST,201,1602466193629,1602466193630,1
POST,201,1602466193629,1602466193630,1
POST,201,1602466193630,1602466193630,0
POST,201,1602466193630,1602466193631,1
POST,201,1602466193629,1602466193631,2
POST,201,1602466193630,1602466193631,1
POST,201,1602466193629,1602466193631,2
POST,201,1602466193629,1602466193631,2
POST,201,1602466193630,1602466193631,1
POST,201,1602466193630,1602466193631,1
POST,201,1602466193630,1602466193631,1
POST,201,1602466193630,1602466193631,1
POST,201,1602466193630,1602466193632,2
POST,201,1602466193630,1602466193632,2
POST,201,1602466193630,1602466193632,2
POST,201,1602466193630,1602466193632,2
POST,201,1602466193630,1602466193632,2
POST,201,1602466193631,1602466193632,1
POST,201,1602466193630,1602466193632,2
POST,201,1602466193631,1602466193632,1
POST,201,1602466193631,1602466193632,1
POST,201,1602466193631,1602466193632,1
POST,201,1602466193631,1602466193633,2
POST,201,1602466193631,1602466193633,2
POST,201,1602466193631,1602466193633,2
POST,201,1602466193631,1602466193633,2
POST,201,1602466193631,1602466193633,2
POST,201,1602466193632,1602466193633,1
POST,201,1602466193632,1602466193634,2
POST,201,1602466193632,1602466193634,2
POST,201,1602466193632,1602466193634,2
POST,201,1602466193632,1602466193634,2
POST,201,1602466193632,1602466193634,2
POST,201,1602466193632,1602466193634,2
POST,201,1602466193632,1602466193634,2
POST,201,1602466193633,1602466193634,1
POST,201,1602466193633,1602466193634,1
POST,201,1602466193633,1602466193634,1
POST,201,1602466193632,1602466193634,2
POST,201,1602466193633,1602466193634,1
POST,201,1602466193633,1602466193635,2
POST,201,1602466193633,1602466193635,2
POST,201,1602466193634,1602466193635,1
POST,201,1602466193634,1602466193635,1
POST,201,1602466193634,1602466193635,1
POST,201,1602466193634,1602466193636,2
POST,201,1602466193634,1602466193636,2
POST,201,1602466193634,1602466193636,2
POST,201,1602466193635,1602466193636,1
POST,201,1602466193634,1602466193637,3
POST,201,1602466193636,1602466193637,1
POST,201,1602466193636,1602466193637,1
POST,201,1602466193636,1602466193638,2
POST,201,1602466193636,1602466193638,2
POST,201,1602466193636,1602466193638,2
POST,201,1602466193637,1602466193639,2
POST,201,1602466193638,1602466193639,1
POST,201,1602466193637,1602466193639,2
POST,201,1602466193638,1602466193640,2
POST,201,1602466193638,1602466193640,2
POST,201,1602466193639,1602466193640,1
POST,201,1602466193639,1602466193641,2
POST,201,1602466193639,1602466193641,2
POST,201,1602466193641,1602466193642,1
POST,201,1602466193640,1602466193642,2
POST,201,1602466193640,1602466193642,2
POST,201,1602466193641,1602466193642,1
POST,201,1602466193642,1602466193643,1
POST,201,1602466193642,1602466193643,1
POST,201,1602466193642,1602466193643,1
POST,201,1602466193642,1602466193643,1
POST,201,1602466193643,1602466193645,2
POST,201,1602466193643,1602466193645,2
POST,201,1602466193643,1602466193645,2
POST,201,1602466193643,1602466193645,2
POST,201,1602466193645,1602466193647,2
POST,201,1602466193645,1602466193647,2
POST,201,1602466193645,1602466193647,2
POST,201,1602466193645,1602466193647,2
POST,201,1602466193647,1602466193648,1
POST,201,1602466193647,1602466193648,1
POST,201,1602466193647,1602466193648,1
POST,201,1602466193647,1602466193648,1
POST,201,1602466193648,1602466193650,2
POST,201,1602466193648,1602466193650,2
POST,201,1602466193648,1602466193650,2
POST,201,1602466193648,1602466193650,2
POST,201,1602466193650,1602466193652,2
POST,201,1602466193650,1602466193652,2
POST,201,1602466193650,1602466193652,2
POST,201,1602466193650,1602466193652,2
POST,201,1602466193652,1602466193653,1
POST,201,1602466193652,1602466193653,1
POST,201,1602466193652,1602466193653,1
POST,201,1602466193652,1602466193653,1
POST,201,1602466193653,1602466193655,2
POST,201,1602466193653,1602466193655,2
POST,201,1602466193653,1602466193655,2
POST,201,1602466193653,1602466193655,2
POST,201,1602466193655,1602466193656,1
POST,201,1602466193655,1602466193656,1
POST,201,1602466193655,1602466193656,1
POST,201,1602466193655,1602466193656,1
POST,201,1602466193656,1602466193657,1
POST,201,1602466193656,1602466193657,1
POST,201,1602466193656,1602466193658,2
POST,201,1602466193656,1602466193658,2
POST,201,1602466193657,1602466193659,2
POST,201,1602466193658,1602466193659,1
POST,201,1602466193658,1602466193659,1
POST,201,1602466193657,1602466193659,2
POST,201,1602466193659,1602466193660,1
POST,201,1602466193659,1602466193660,1
POST,201,1602466193659,1602466193661,2
POST,201,1602466193659,1602466193661,2
POST,201,1602466193661,1602466193662,1
POST,201,1602466193660,1602466193662,2
POST,201,1602466193661,1602466193662,1
POST,201,1602466193661,1602466193662,1
POST,201,1602466193662,1602466193663,1
POST,201,1602466193662,1602466193663,1
POST,201,1602466193662,1602466193664,2
POST,201,1602466193662,1602466193664,2
POST,201,1602466193663,1602466193665,2
POST,201,1602466193664,1602466193665,1
POST,201,1602466193663,1602466193665,2
POST,201,1602466193664,1602466193665,1
POST,201,1602466193665,1602466193667,2
POST,201,1602466193665,1602466193667,2
POST,201,1602466193665,1602466193667,2
POST,201,1602466193665,1602466193667,2
POST,201,1602466193667,1602466193668,1
POST,201,1602466193667,1602466193668,1
POST,201,1602466193667,1602466193668,1
POST,201,1602466193667,1602466193668,1
POST,201,1602466193668,1602466193669,1
POST,201,1602466193668,1602466193669,1
POST,201,1602466193668,1602466193669,1
POST,201,1602466193668,1602466193670,2
POST,201,1602466193669,1602466193671,2
POST,201,1602466193669,1602466193671,2
POST,201,1602466193669,1602466193671,2
POST,201,1602466193670,1602466193671,1
POST,201,1602466193671,1602466193673,2
POST,201,1602466193671,1602466193673,2
POST,201,1602466193671,1602466193673,2
POST,201,1602466193671,1602466193673,2
POST,201,1602466193673,1602466193674,1
POST,201,1602466193673,1602466193674,1
POST,201,1602466193673,1602466193674,1
POST,201,1602466193673,1602466193674,1
POST,201,1602466193674,1602466193675,1
POST,201,1602466193674,1602466193675,1
POST,201,1602466193674,1602466193675,1
POST,201,1602466193674,1602466193675,1
POST,201,1602466193675,1602466193677,2
POST,201,1602466193675,1602466193677,2
POST,201,1602466193675,1602466193677,2
POST,201,1602466193675,1602466193677,2
POST,201,1602466193677,1602466193678,1
POST,201,1602466193677,1602466193678,1
POST,201,1602466193677,1602466193678,1
POST,201,1602466193677,1602466193678,1
POST,201,1602466193678,1602466193680,2
POST,201,1602466193678,1602466193680,2
POST,201,1602466193678,1602466193680,2
POST,201,1602466193678,1602466193680,2
POST,201,1602466193680,1602466193681,1
POST,201,1602466193680,1602466193681,1
POST,201,1602466193680,1602466193681,1
POST,201,1602466193680,1602466193681,1
POST,201,1602466193681,1602466193683,2
POST,201,1602466193681,1602466193683,2
POST,201,1602466193681,1602466193683,2
POST,201,1602466193681,1602466193683,2
POST,201,1602466193683,1602466193684,1
POST,201,1602466193683,1602466193684,1
POST,201,1602466193683,1602466193684,1
POST,201,1602466193683,1602466193684,1
POST,201,1602466193684,1602466193686,2
POST,201,1602466193684,1602466193686,2
POST,201,1602466193684,1602466193686,2
POST,201,1602466193684,1602466193686,2
POST,201,1602466193686,1602466193687,1
POST,201,1602466193686,1602466193687,1
POST,201,1602466193686,1602466193687,1
POST,201,1602466193686,1602466193687,1
POST,201,1602466193687,1602466193689,2
POST,201,1602466193687,1602466193689,2
POST,201,1602466193687,1602466193689,2
POST,201,1602466193687,1602466193689,2
POST,201,1602466193689,1602466193690,1
POST,201,1602466193689,1602466193690,1
POST,201,1602466193689,1602466193690,1
POST,201,1602466193689,1602466193690,1
POST,201,1602466193690,1602466193692,2
POST,201,1602466193690,1602466193692,2
POST,201,1602466193690,1602466193692,2
POST,201,1602466193690,1602466193692,2
POST,201,1602466193692,1602466193693,1
POST,201,1602466193692,1602466193693,1
POST,201,1602466193692,1602466193693,1
POST,201,1602466193692,1602466193693,1
POST,201,1602466193693,1602466193694,1
POST,201,1602466193693,1602466193695,2
POST,201,1602466193693,1602466193695,2
POST,201,1602466193693,1602466193695,2
POST,201,1602466193694,1602466193696,2
POST,201,1602466193695,1602466193696,1
POST,201,1602466193695,1602466193696,1
POST,201,1602466193695,1602466193696,1
POST,201,1602466193696,1602466193698,2
POST,201,1602466193696,1602466193698,2
POST,201,1602466193696,1602466193698,2
POST,201,1602466193696,1602466193698,2
POST,201,1602466193698,1602466193699,1
POST,201,1602466193698,1602466193699,1
POST,201,1602466193698,1602466193699,1
POST,201,1602466193698,1602466193699,1
POST,201,1602466193699,1602466193700,1
POST,201,1602466193699,1602466193700,1
POST,201,1602466193699,1602466193700,1
POST,201,1602466193699,1602466193701,2
POST,201,1602466193700,1602466193702,2
POST,201,1602466193701,1602466193702,1
POST,201,1602466193700,1602466193702,2
POST,201,1602466193700,1602466193702,2
POST,201,1602466193702,1602466193703,1
POST,201,1602466193702,1602466193704,2
POST,201,1602466193702,1602466193704,2
POST,201,1602466193702,1602466193704,2
POST,201,1602466193704,1602466193705,1
POST,201,1602466193704,1602466193705,1
POST,201,1602466193704,1602466193705,1
POST,201,1602466193704,1602466193705,1
POST,201,1602466193705,1602466193707,2
POST,201,1602466193705,1602466193707,2
POST,201,1602466193705,1602466193707,2
POST,201,1602466193705,1602466193707,2
POST,201,1602466193707,1602466193708,1
POST,201,1602466193707,1602466193708,1
POST,201,1602466193707,1602466193708,1
POST,201,1602466193707,1602466193708,1
POST,201,1602466193708,1602466193710,2
POST,201,1602466193708,1602466193710,2
POST,201,1602466193708,1602466193710,2
POST,201,1602466193708,1602466193710,2
POST,201,1602466193710,1602466193711,1
POST,201,1602466193710,1602466193711,1
POST,201,1602466193710,1602466193711,1
POST,201,1602466193710,1602466193711,1
POST,201,1602466193711,1602466193713,2
POST,201,1602466193711,1602466193713,2
POST,201,1602466193711,1602466193713,2
POST,201,1602466193711,1602466193713,2
POST,201,1602466193713,1602466193714,1
POST,201,1602466193713,1602466193714,1
POST,201,1602466193713,1602466193714,1
POST,201,1602466193713,1602466193714,1
POST,201,1602466193714,1602466193716,2
POST,201,1602466193714,1602466193716,2
POST,201,1602466193714,1602466193716,2
POST,201,1602466193714,1602466193716,2
POST,201,1602466193716,1602466193717,1
POST,201,1602466193716,1602466193717,1
POST,201,1602466193716,1602466193717,1
POST,201,1602466193716,1602466193717,1
POST,201,1602466193717,1602466193719,2
POST,201,1602466193717,1602466193719,2
POST,201,1602466193717,1602466193719,2
POST,201,1602466193717,1602466193719,2
POST,201,1602466193719,1602466193720,1
POST,201,1602466193719,1602466193720,1
POST,201,1602466193719,1602466193720,1
POST,201,1602466193719,1602466193720,1
POST,201,1602466193720,1602466193722,2
POST,201,1602466193720,1602466193722,2
POST,201,1602466193720,1602466193722,2
POST,201,1602466193720,1602466193722,2
POST,201,1602466193722,1602466193723,1
POST,201,1602466193722,1602466193723,1
POST,201,1602466193722,1602466193723,1
POST,201,1602466193722,1602466193723,1
POST,201,1602466193723,1602466193725,2
POST,201,1602466193723,1602466193725,2
POST,201,1602466193723,1602466193725,2
POST,201,1602466193723,1602466193725,2
POST,201,1602466193725,1602466193726,1
POST,201,1602466193725,1602466193726,1
POST,201,1602466193725,1602466193726,1
POST,201,1602466193725,1602466193726,1
POST,201,1602466193726,1602466193727,1
POST,201,1602466193726,1602466193728,2
POST,201,1602466193726,1602466193728,2
POST,201,1602466193726,1602466193728,2
POST,201,1602466193728,1602466193729,1
POST,201,1602466193728,1602466193729,1
POST,201,1602466193728,1602466193729,1
POST,201,1602466193728,1602466193729,1
POST,201,1602466193729,1602466193731,2
POST,201,1602466193729,1602466193731,2
POST,201,1602466193729,1602466193731,2
POST,201,1602466193729,1602466193731,2
POST,201,1602466193731,1602466193732,1
POST,201,1602466193731,1602466193732,1
POST,201,1602466193731,1602466193732,1
POST,201,1602466193731,1602466193732,1
POST,201,1602466193732,1602466193734,2
POST,201,1602466193732,1602466193734,2
POST,201,1602466193732,1602466193734,2
POST,201,1602466193732,1602466193734,2
POST,201,1602466193734,1602466193735,1
POST,201,1602466193734,1602466193735,1
POST,201,1602466193734,1602466193735,1
POST,201,1602466193734,1602466193735,1
POST,201,1602466193735,1602466193737,2
POST,201,1602466193735,1602466193737,2
POST,201,1602466193735,1602466193737,2
POST,201,1602466193735,1602466193737,2
POST,201,1602466193737,1602466193738,1
POST,201,1602466193737,1602466193738,1
POST,201,1602466193737,1602466193738,1
POST,201,1602466193737,1602466193738,1
POST,201,1602466193738,1602466193740,2
POST,201,1602466193738,1602466193740,2
POST,201,1602466193738,1602466193740,2
POST,201,1602466193738,1602466193740,2
POST,201,1602466193740,1602466193741,1
POST,201,1602466193740,1602466193741,1
POST,201,1602466193740,1602466193741,1
POST,201,1602466193740,1602466193741,1
POST,201,1602466193741,1602466193743,2
POST,201,1602466193741,1602466193743,2
POST,201,1602466193741,1602466193743,2
POST,201,1602466193741,1602466193743,2
POST,201,1602466193743,1602466193744,1
POST,201,1602466193743,1602466193744,1
POST,201,1602466193743,1602466193744,1
POST,201,1602466193743,1602466193744,1
POST,201,1602466193744,1602466193746,2
POST,201,1602466193744,1602466193746,2
POST,201,1602466193744,1602466193746,2
POST,201,1602466193744,1602466193746,2
POST,201,1602466193746,1602466193747,1
POST,201,1602466193746,1602466193747,1
POST,201,1602466193746,1602466193747,1
POST,201,1602466193746,1602466193747,1
POST,201,1602466193747,1602466193749,2
POST,201,1602466193747,1602466193749,2
POST,201,1602466193747,1602466193749,2
POST,201,1602466193747,1602466193749,2
POST,201,1602466193749,1602466193750,1
POST,201,1602466193749,1602466193750,1
POST,201,1602466193749,1602466193750,1
POST,201,1602466193749,1602466193750,1
POST,201,1602466193750,1602466193752,2
POST,201,1602466193750,1602466193752,2
POST,201,1602466193750,1602466193752,2
POST,201,1602466193750,1602466193752,2
POST,201,1602466193752,1602466193753,1
POST,201,1602466193752,1602466193753,1
POST,201,1602466193752,1602466193753,1
POST,201,1602466193752,1602466193753,1
POST,201,1602466193753,1602466193755,2
POST,201,1602466193753,1602466193755,2
POST,201,1602466193753,1602466193755,2
POST,201,1602466193753,1602466193755,2
POST,201,1602466193755,1602466193756,1
POST,201,1602466193755,1602466193756,1
POST,201,1602466193755,1602466193756,1
POST,201,1602466193755,1602466193756,1
POST,201,1602466193756,1602466193758,2
POST,201,1602466193756,1602466193758,2
POST,201,1602466193756,1602466193758,2
POST,201,1602466193756,1602466193758,2
POST,201,1602466193758,1602466193759,1
POST,201,1602466193758,1602466193759,1
POST,201,1602466193758,1602466193759,1
POST,201,1602466193758,1602466193759,1
POST,201,1602466193759,1602466193761,2
POST,201,1602466193759,1602466193761,2
POST,201,1602466193759,1602466193761,2
POST,201,1602466193759,1602466193761,2
POST,201,1602466193761,1602466193762,1
POST,201,1602466193761,1602466193762,1
POST,201,1602466193761,1602466193762,1
POST,201,1602466193761,1602466193762,1
POST,201,1602466193762,1602466193763,1
POST,201,1602466193762,1602466193763,1
POST,201,1602466193762,1602466193764,2
POST,201,1602466193762,1602466193764,2
POST,201,1602466193763,1602466193764,1
POST,201,1602466193763,1602466193764,1
POST,201,1602466193764,1602466193765,1
POST,201,1602466193764,1602466193765,1
POST,201,1602466193764,1602466193766,2
POST,201,1602466193764,1602466193766,2
POST,201,1602466193765,1602466193767,2
POST,201,1602466193765,1602466193767,2
POST,201,1602466193766,1602466193767,1
POST,201,1602466193766,1602466193767,1
POST,201,1602466193767,1602466193768,1
POST,201,1602466193767,1602466193768,1
POST,201,1602466193767,1602466193768,1
POST,201,1602466193767,1602466193768,1
POST,201,1602466193768,1602466193769,1
POST,201,1602466193768,1602466193769,1
POST,201,1602466193768,1602466193770,2
POST,201,1602466193768,1602466193770,2
POST,201,1602466193769,1602466193771,2
POST,201,1602466193769,1602466193771,2
POST,201,1602466193770,1602466193771,1
POST,201,1602466193770,1602466193771,1
POST,201,1602466193771,1602466193773,2
POST,201,1602466193771,1602466193773,2
POST,201,1602466193771,1602466193773,2
POST,201,1602466193771,1602466193773,2
POST,201,1602466193773,1602466193774,1
POST,201,1602466193773,1602466193774,1
POST,201,1602466193773,1602466193774,1
POST,201,1602466193773,1602466193774,1
POST,201,1602466193774,1602466193775,1
POST,201,1602466193774,1602466193776,2
POST,201,1602466193774,1602466193776,2
POST,201,1602466193774,1602466193776,2
POST,201,1602466193775,1602466193776,1
POST,201,1602466193776,1602466193777,1
POST,201,1602466193776,1602466193777,1
POST,201,1602466193776,1602466193777,1
POST,201,1602466193776,1602466193777,1
POST,201,1602466193777,1602466193779,2
POST,201,1602466193777,1602466193779,2
POST,201,1602466193777,1602466193779,2
POST,201,1602466193777,1602466193779,2
POST,201,1602466193779,1602466193780,1
POST,201,1602466193779,1602466193780,1
POST,201,1602466193779,1602466193780,1
POST,201,1602466193779,1602466193780,1
POST,201,1602466193780,1602466193781,1
POST,201,1602466193780,1602466193781,1
POST,201,1602466193780,1602466193781,1
POST,201,1602466193780,1602466193781,1
POST,201,1602466193781,1602466193783,2
POST,201,1602466193781,1602466193783,2
POST,201,1602466193781,1602466193783,2
POST,201,1602466193781,1602466193783,2
POST,201,1602466193783,1602466193784,1
POST,201,1602466193783,1602466193784,1
POST,201,1602466193783,1602466193784,1
POST,201,1602466193783,1602466193784,1
POST,201,1602466193784,1602466193785,1
POST,201,1602466193784,1602466193785,1
POST,201,1602466193784,1602466193786,2
POST,201,1602466193786,1602466193787,1
GET,200,1602466193468,1602466193473,5
GET,200,1602466193468,1602466193473,5
GET,200,1602466193468,1602466193473,5
GET,200,1602466193468,1602466193473,5
GET,200,1602466193473,1602466193474,1
GET,200,1602466193473,1602466193474,1
GET,200,1602466193473,1602466193474,1
GET,200,1602466193473,1602466193474,1
GET,200,1602466193474,1602466193474,0
GET,200,1602466193474,1602466193474,0
GET,200,1602466193474,1602466193475,1
GET,200,1602466193474,1602466193475,1
GET,200,1602466193474,1602466193475,1
GET,200,1602466193474,1602466193475,1
GET,200,1602466193475,1602466193475,0
GET,200,1602466193475,1602466193475,0
GET,200,1602466193475,1602466193475,0
GET,200,1602466193475,1602466193475,0
GET,200,1602466193475,1602466193475,0
GET,200,1602466193475,1602466193476,1
GET,200,1602466193629,1602466193630,1
GET,200,1602466193630,1602466193630,0
GET,200,1602466193630,1602466193630,0
GET,200,1602466193630,1602466193631,1
GET,200,1602466193631,1602466193631,0
GET,200,1602466193632,1602466193633,1
GET,200,1602466193633,1602466193633,0
GET,200,1602466193633,1602466193634,1
GET,200,1602466193634,1602466193634,0
GET,200,1602466193634,1602466193634,0
GET,200,1602466193634,1602466193635,1
GET,200,1602466193634,1602466193635,1
GET,200,1602466193634,1602466193635,1
GET,200,1602466193634,1602466193635,1
GET,200,1602466193634,1602466193635,1
GET,200,1602466193634,1602466193635,1
GET,200,1602466193635,1602466193635,0
GET,200,1602466193635,1602466193635,0
GET,200,1602466193635,1602466193635,0
GET,200,1602466193635,1602466193635,0
GET,200,1602466193635,1602466193635,0
GET,200,1602466193635,1602466193635,0
GET,200,1602466193635,1602466193635,0
GET,200,1602466193635,1602466193636,1
GET,200,1602466193635,1602466193636,1
GET,200,1602466193635,1602466193636,1
GET,200,1602466193635,1602466193636,1
GET,200,1602466193635,1602466193636,1
GET,200,1602466193635,1602466193636,1
GET,200,1602466193635,1602466193636,1
GET,200,1602466193635,1602466193636,1
GET,200,1602466193635,1602466193636,1
GET,200,1602466193636,1602466193636,0
GET,200,1602466193636,1602466193636,0
GET,200,1602466193636,1602466193637,1
GET,200,1602466193636,1602466193637,1
GET,200,1602466193636,1602466193637,1
GET,200,1602466193636,1602466193637,1
GET,200,1602466193636,1602466193637,1
GET,200,1602466193637,1602466193637,0
GET,200,1602466193636,1602466193637,1
GET,200,1602466193637,1602466193637,0
GET,200,1602466193636,1602466193637,1
GET,200,1602466193637,1602466193637,0
GET,200,1602466193637,1602466193637,0
GET,200,1602466193637,1602466193638,1
GET,200,1602466193637,1602466193638,1
GET,200,1602466193637,1602466193638,1
GET,200,1602466193637,1602466193638,1
GET,200,1602466193636,1602466193638,2
GET,200,1602466193637,1602466193638,1
GET,200,1602466193636,1602466193638,2
GET,200,1602466193637,1602466193638,1
GET,200,1602466193638,1602466193639,1
GET,200,1602466193638,1602466193639,1
GET,200,1602466193638,1602466193639,1
GET,200,1602466193638,1602466193639,1
GET,200,1602466193638,1602466193639,1
GET,200,1602466193638,1602466193639,1
GET,200,1602466193639,1602466193639,0
GET,200,1602466193639,1602466193639,0
GET,200,1602466193638,1602466193639,1
GET,200,1602466193639,1602466193640,1
GET,200,1602466193639,1602466193640,1
GET,200,1602466193639,1602466193640,1
GET,200,1602466193639,1602466193640,1
GET,200,1602466193639,1602466193640,1
GET,200,1602466193639,1602466193640,1
GET,200,1602466193640,1602466193641,1
GET,200,1602466193640,1602466193641,1
GET,200,1602466193640,1602466193641,1
GET,200,1602466193641,1602466193641,0
GET,200,1602466193641,1602466193641,0
GET,200,1602466193641,1602466193641,0
GET,200,1602466193640,1602466193641,1
GET,200,1602466193641,1602466193641,0
GET,200,1602466193641,1602466193641,0
GET,200,1602466193641,1602466193642,1
GET,200,1602466193641,1602466193642,1
GET,200,1602466193642,1602466193642,0
GET,200,1602466193784,1602466193785,1
GET,200,1602466193785,1602466193785,0
GET,200,1602466193785,1602466193785,0
GET,200,1602466193785,1602466193786,1
GET,200,1602466193785,1602466193786,1
GET,200,1602466193786,1602466193786,0
GET,200,1602466193786,1602466193786,0
GET,200,1602466193786,1602466193786,0
GET,200,1602466193786,1602466193786,0
GET,200,1602466193786,1602466193786,0
GET,200,1602466193786,1602466193786,0
GET,200,1602466193786,1602466193786,0
GET,200,1602466193786,1602466193786,0
GET,200,1602466193786,1602466193787,1
GET,200,1602466193786,1602466193787,1
GET,200,1602466193786,1602466193787,1
GET,200,1602466193787,1602466193787,0
GET,200,1602466193787,1602466193787,0
GET,200,1602466193787,1602466193787,0
GET,200,1602466193787,1602466193787,0
GET,200,1602466193787,1602466193787,0
GET,200,1602466193787,1602466193787,0
GET,200,1602466193787,1602466193787,0
GET,200,1602466193787,1602466193787,0
GET,200,1602466193787,1602466193787,0
GET,200,1602466193787,1602466193788,1
GET,200,1602466193787,1602466193788,1
GET,200,1602466193787,1602466193788,1
GET,200,1602466193787,1602466193788,1
GET,200,1602466193788,1602466193788,0
GET,200,1602466193788,1602466193788,0
GET,200,1602466193788,1602466193788,0
GET,200,1602466193788,1602466193788,0
GET,200,1602466193788,1602466193788,0
GET,200,1602466193788,1602466193788,0
GET,200,1602466193788,1602466193788,0
GET,200,1602466193788,1602466193789,1
GET,200,1602466193789,1602466193789,0
GET,200,1602466193789,1602466193789,0
GET,200,1602466193789,1602466193789,0
